{"version":"1","myst":"1.3.18","references":[{"kind":"page","data":"/content/cover.json","url":"/"},{"identifier":"contenu-du-cours","kind":"heading","data":"/content/cover.json","url":"/","implicit":true},{"identifier":"objectifs-dapprentisage","kind":"heading","data":"/content/cover.json","url":"/","implicit":true},{"identifier":"travaux-pratiques","kind":"heading","data":"/content/cover.json","url":"/","implicit":true},{"kind":"page","data":"/content/section1.json","url":"/section1"},{"identifier":"introduction","kind":"heading","data":"/content/section1.json","url":"/section1","implicit":true},{"identifier":"system1","kind":"figure","data":"/content/section1.json","url":"/section1"},{"identifier":"source","kind":"heading","data":"/content/section1.json","url":"/section1","implicit":true},{"identifier":"def-source","kind":"definitionList","data":"/content/section1.json","url":"/section1"},{"identifier":"exemple-dune-source-continue","kind":"heading","data":"/content/section1.json","url":"/section1","implicit":true},{"identifier":"id-metteur-transmitter","kind":"heading","data":"/content/section1.json","url":"/section1","implicit":true},{"identifier":"def-tx","kind":"definitionList","data":"/content/section1.json","url":"/section1"},{"identifier":"def-tx-a","kind":"definitionList","data":"/content/section1.json","url":"/section1"},{"identifier":"def-tx-d","kind":"definitionList","data":"/content/section1.json","url":"/section1"},{"identifier":"def-source-coder","kind":"definitionList","data":"/content/section1.json","url":"/section1"},{"identifier":"def-channel-coder","kind":"definitionList","data":"/content/section1.json","url":"/section1"},{"identifier":"def-mod-dig","kind":"definitionList","data":"/content/section1.json","url":"/section1"},{"identifier":"multiplexeur-multiplexer","kind":"heading","data":"/content/section1.json","url":"/section1","implicit":true},{"identifier":"canal-channel","kind":"heading","data":"/content/section1.json","url":"/section1","implicit":true},{"identifier":"d-multiplexeur","kind":"heading","data":"/content/section1.json","url":"/section1","implicit":true},{"identifier":"r-cepteur-receiver","kind":"heading","data":"/content/section1.json","url":"/section1","implicit":true},{"identifier":"destination","kind":"heading","data":"/content/section1.json","url":"/section1","implicit":true},{"identifier":"ressources-de-communication-puissance-power-et-largeur-de-bande-bandwith","kind":"heading","data":"/content/section1.json","url":"/section1","implicit":true},{"identifier":"puissance","kind":"heading","data":"/content/section1.json","url":"/section1","implicit":true},{"identifier":"largeur-de-bande","kind":"heading","data":"/content/section1.json","url":"/section1","implicit":true},{"identifier":"r-sum","kind":"heading","data":"/content/section1.json","url":"/section1","implicit":true},{"kind":"page","data":"/content/section2.json","url":"/section2"},{"identifier":"signal","kind":"heading","data":"/content/section2.json","url":"/section2","implicit":true},{"identifier":"def-signal","kind":"definitionList","data":"/content/section2.json","url":"/section2"},{"identifier":"signal-class-1","kind":"figure","data":"/content/section2.json","url":"/section2"},{"identifier":"signal-class-2","kind":"figure","data":"/content/section2.json","url":"/section2"},{"identifier":"signal-class-3","kind":"figure","data":"/content/section2.json","url":"/section2"},{"identifier":"signal-class-4","kind":"figure","data":"/content/section2.json","url":"/section2"},{"identifier":"signal-class-5","kind":"figure","data":"/content/section2.json","url":"/section2"},{"identifier":"repr-sentation-fr-quentielle-des-signaux","kind":"heading","data":"/content/section2.json","url":"/section2","implicit":true},{"identifier":"def-ft","kind":"definitionList","data":"/content/section2.json","url":"/section2"},{"identifier":"ft","kind":"equation","data":"/content/section2.json","url":"/section2"},{"identifier":"invft","kind":"equation","data":"/content/section2.json","url":"/section2"},{"identifier":"propri-t-s-dun-signal","kind":"heading","data":"/content/section2.json","url":"/section2","implicit":true},{"identifier":"valeur-moyenne","kind":"heading","data":"/content/section2.json","url":"/section2","implicit":true},{"identifier":"energy","kind":"equation","data":"/content/section2.json","url":"/section2"},{"identifier":"id-nergie","kind":"heading","data":"/content/section2.json","url":"/section2","implicit":true},{"identifier":"puissance","kind":"heading","data":"/content/section2.json","url":"/section2","implicit":true},{"identifier":"power","kind":"equation","data":"/content/section2.json","url":"/section2"},{"identifier":"tension-efficace","kind":"heading","data":"/content/section2.json","url":"/section2","implicit":true},{"identifier":"tp1","kind":"figure","data":"/content/section2.json","url":"/section2"},{"identifier":"largeur-de-bande","kind":"heading","data":"/content/section2.json","url":"/section2","implicit":true},{"identifier":"def-bandwith","kind":"definitionList","data":"/content/section2.json","url":"/section2"},{"identifier":"bw1","kind":"figure","data":"/content/section2.json","url":"/section2"},{"identifier":"def-baseband","kind":"definitionList","data":"/content/section2.json","url":"/section2"},{"identifier":"bw2","kind":"figure","data":"/content/section2.json","url":"/section2"},{"identifier":"def-passband","kind":"definitionList","data":"/content/section2.json","url":"/section2"},{"identifier":"bw3","kind":"figure","data":"/content/section2.json","url":"/section2"},{"identifier":"signaux-utiles","kind":"heading","data":"/content/section2.json","url":"/section2","implicit":true},{"identifier":"impulsion-de-dirac-dirac-impulse","kind":"heading","data":"/content/section2.json","url":"/section2","implicit":true},{"identifier":"def-dirac","kind":"definitionList","data":"/content/section2.json","url":"/section2"},{"identifier":"dirac-t","kind":"figure","data":"/content/section2.json","url":"/section2"},{"identifier":"dirac-f","kind":"figure","data":"/content/section2.json","url":"/section2"},{"identifier":"train-dimpulsions-de-dirac-dirac-impulse-train","kind":"heading","data":"/content/section2.json","url":"/section2","implicit":true},{"identifier":"def-sinc","kind":"definitionList","data":"/content/section2.json","url":"/section2"},{"identifier":"train","kind":"equation","data":"/content/section2.json","url":"/section2"},{"identifier":"fonction-sinc-sinc-function","kind":"heading","data":"/content/section2.json","url":"/section2","implicit":true},{"identifier":"sinc","kind":"equation","data":"/content/section2.json","url":"/section2"},{"identifier":"sinc-t","kind":"figure","data":"/content/section2.json","url":"/section2"},{"identifier":"sinc-f","kind":"figure","data":"/content/section2.json","url":"/section2"},{"identifier":"londe-rectangulaire-rectangular-pulse","kind":"heading","data":"/content/section2.json","url":"/section2","implicit":true},{"identifier":"def-rec","kind":"definitionList","data":"/content/section2.json","url":"/section2"},{"identifier":"rect","kind":"equation","data":"/content/section2.json","url":"/section2"},{"identifier":"rect-t","kind":"figure","data":"/content/section2.json","url":"/section2"},{"identifier":"rect-f","kind":"figure","data":"/content/section2.json","url":"/section2"},{"identifier":"ondes-porteuses-carrier-waveforms","kind":"heading","data":"/content/section2.json","url":"/section2","implicit":true},{"identifier":"def-carriers","kind":"definitionList","data":"/content/section2.json","url":"/section2"},{"identifier":"syst-me","kind":"heading","data":"/content/section2.json","url":"/section2","implicit":true},{"identifier":"def-system","kind":"definitionList","data":"/content/section2.json","url":"/section2"},{"identifier":"system1","kind":"figure","data":"/content/section2.json","url":"/section2"},{"identifier":"syst-me-invariant-dans-le-temps-time-invariant-system","kind":"heading","data":"/content/section2.json","url":"/section2","implicit":true},{"identifier":"time-invariance","kind":"equation","data":"/content/section2.json","url":"/section2"},{"identifier":"syst-me-variant-dans-le-temps-time-varying-system","kind":"heading","data":"/content/section2.json","url":"/section2","implicit":true},{"identifier":"syst-me-lin-aire-linear-system","kind":"heading","data":"/content/section2.json","url":"/section2","implicit":true},{"identifier":"syst-me-lin-aire-invariant-dans-le-temps-linear-time-invariant-lti","kind":"heading","data":"/content/section2.json","url":"/section2","implicit":true},{"identifier":"fig:lti","html_id":"fig-lti","kind":"figure","data":"/content/section2.json","url":"/section2"},{"identifier":"syst-me-non-lin-aire-nonlinear-system","kind":"heading","data":"/content/section2.json","url":"/section2","implicit":true},{"identifier":"modulation-un-syst-me-non-lin-aire","kind":"heading","data":"/content/section2.json","url":"/section2","implicit":true},{"identifier":"fig:mod1","html_id":"fig-mod1","kind":"figure","data":"/content/section2.json","url":"/section2"},{"identifier":"probabilit","kind":"heading","data":"/content/section2.json","url":"/section2","implicit":true},{"identifier":"probabilit-et-la-r-gle-de-bayes","kind":"heading","data":"/content/section2.json","url":"/section2","implicit":true},{"identifier":"variables-al-atoires","kind":"heading","data":"/content/section2.json","url":"/section2","implicit":true},{"identifier":"def-randvariable","kind":"definitionList","data":"/content/section2.json","url":"/section2"},{"identifier":"def-cdf","kind":"definitionList","data":"/content/section2.json","url":"/section2"},{"identifier":"def-pdf","kind":"definitionList","data":"/content/section2.json","url":"/section2"},{"identifier":"les-moyennes-statistiques","kind":"heading","data":"/content/section2.json","url":"/section2","implicit":true},{"identifier":"puissance-dune-variable-al-atoire","kind":"heading","data":"/content/section2.json","url":"/section2","implicit":true},{"identifier":"distribution-gaussienne-normal","kind":"heading","data":"/content/section2.json","url":"/section2","implicit":true},{"identifier":"fig:gaussiam","html_id":"fig-gaussiam","kind":"figure","data":"/content/section2.json","url":"/section2"},{"identifier":"signaux-al-atoires","kind":"heading","data":"/content/section2.json","url":"/section2","implicit":true},{"identifier":"def-randsignal","kind":"definitionList","data":"/content/section2.json","url":"/section2"},{"identifier":"autocorr-lation","kind":"heading","data":"/content/section2.json","url":"/section2","implicit":true},{"identifier":"fig:psd","html_id":"fig-psd","kind":"figure","data":"/content/section2.json","url":"/section2"},{"identifier":"spectre-de-densit-de-puissance","kind":"heading","data":"/content/section2.json","url":"/section2","implicit":true},{"identifier":"relation-entre-autocorr-lation-et-spectre-de-densit-de-puissance","kind":"heading","data":"/content/section2.json","url":"/section2","implicit":true},{"identifier":"filtrage-dun-signal-al-atoire","kind":"heading","data":"/content/section2.json","url":"/section2","implicit":true},{"identifier":"fig:psd-filtering","html_id":"fig-psd-filtering","kind":"figure","data":"/content/section2.json","url":"/section2"},{"identifier":"resum","kind":"heading","data":"/content/section2.json","url":"/section2","implicit":true},{"kind":"page","data":"/content/section3.json","url":"/section3"},{"identifier":"id-chantillonnage-et-quantification","kind":"heading","data":"/content/section3.json","url":"/section3","implicit":true},{"identifier":"def-","html_id":"def","kind":"definitionList","data":"/content/section3.json","url":"/section3"},{"identifier":"def-quantification","kind":"definitionList","data":"/content/section3.json","url":"/section3"},{"kind":"page","data":"/content/c2-numerisation.json","url":"/c2-numerisation"},{"identifier":"wo_58ag9dq9h","html_id":"wo-58ag9dq9h","kind":"block:notebook-content","data":"/content/c2-numerisation.json","url":"/c2-numerisation"},{"identifier":"id-textbf-introduction","kind":"heading","data":"/content/c2-numerisation.json","url":"/c2-numerisation","implicit":true},{"identifier":"hmosgv01xon4","kind":"block:notebook-content","data":"/content/c2-numerisation.json","url":"/c2-numerisation"},{"identifier":"id-textbf-chantillonnage","kind":"heading","data":"/content/c2-numerisation.json","url":"/c2-numerisation","implicit":true},{"identifier":"effet-daliasing-et-spectre-d-chantillonnage","kind":"heading","data":"/content/c2-numerisation.json","url":"/c2-numerisation","implicit":true},{"identifier":"kmgujmvv2vkb","kind":"block:notebook-code","data":"/content/c2-numerisation.json","url":"/c2-numerisation"},{"identifier":"kmgujmvv2vkb-code","kind":"code","data":"/content/c2-numerisation.json","url":"/c2-numerisation"},{"identifier":"kmgujmvv2vkb-output","kind":"output","data":"/content/c2-numerisation.json","url":"/c2-numerisation"},{"identifier":"cfxzd8xcagqy","kind":"block:notebook-content","data":"/content/c2-numerisation.json","url":"/c2-numerisation"},{"identifier":"id-1-domaine-temporel-graphique-de-gauche","kind":"heading","data":"/content/c2-numerisation.json","url":"/c2-numerisation","implicit":true},{"identifier":"id-2-domaine-fr-quentiel-graphique-de-droite","kind":"heading","data":"/content/c2-numerisation.json","url":"/c2-numerisation","implicit":true},{"identifier":"ebzomzcfxv9s","kind":"block:notebook-content","data":"/content/c2-numerisation.json","url":"/c2-numerisation"},{"identifier":"id-textbf-modulation-pam","kind":"heading","data":"/content/c2-numerisation.json","url":"/c2-numerisation","implicit":true},{"identifier":"m7hejsrfxzii","kind":"block:notebook-code","data":"/content/c2-numerisation.json","url":"/c2-numerisation"},{"identifier":"m7hejsrfxzii-code","kind":"code","data":"/content/c2-numerisation.json","url":"/c2-numerisation"},{"identifier":"m7hejsrfxzii-output","kind":"output","data":"/content/c2-numerisation.json","url":"/c2-numerisation"},{"identifier":"z5qppnvebged","kind":"block:notebook-content","data":"/content/c2-numerisation.json","url":"/c2-numerisation"},{"identifier":"id-textbf-modulation-pwm-pulse-width-modulation","kind":"heading","data":"/content/c2-numerisation.json","url":"/c2-numerisation","implicit":true},{"identifier":"r-sultats-visualis-s","kind":"heading","data":"/content/c2-numerisation.json","url":"/c2-numerisation","implicit":true},{"identifier":"instructions-interactives","kind":"heading","data":"/content/c2-numerisation.json","url":"/c2-numerisation","implicit":true},{"identifier":"vgabobnu4ufa","kind":"block:notebook-code","data":"/content/c2-numerisation.json","url":"/c2-numerisation"},{"identifier":"vgabobnu4ufa-code","kind":"code","data":"/content/c2-numerisation.json","url":"/c2-numerisation"},{"identifier":"vgabobnu4ufa-output","kind":"output","data":"/content/c2-numerisation.json","url":"/c2-numerisation"},{"identifier":"_tvdh7gccada","html_id":"id-tvdh7gccada","kind":"block:notebook-content","data":"/content/c2-numerisation.json","url":"/c2-numerisation"},{"identifier":"id-textbf-modulation-ppm-pulse-position-modulation","kind":"heading","data":"/content/c2-numerisation.json","url":"/c2-numerisation","implicit":true},{"identifier":"vlyssy04how8","kind":"block:notebook-code","data":"/content/c2-numerisation.json","url":"/c2-numerisation"},{"identifier":"vlyssy04how8-code","kind":"code","data":"/content/c2-numerisation.json","url":"/c2-numerisation"},{"identifier":"vlyssy04how8-output","kind":"output","data":"/content/c2-numerisation.json","url":"/c2-numerisation"},{"identifier":"fy7kj_fvjqdi","html_id":"fy7kj-fvjqdi","kind":"block:notebook-content","data":"/content/c2-numerisation.json","url":"/c2-numerisation"},{"identifier":"explication-du-r-sultat-ci-dessus-modulation-ppm","kind":"heading","data":"/content/c2-numerisation.json","url":"/c2-numerisation","implicit":true},{"identifier":"caract-ristiques-principales","kind":"heading","data":"/content/c2-numerisation.json","url":"/c2-numerisation","implicit":true},{"identifier":"id-textbf-modulation-pcm-pulse-code-modulation","kind":"heading","data":"/content/c2-numerisation.json","url":"/c2-numerisation","implicit":true},{"identifier":"ecee6gogreaw","kind":"block:notebook-code","data":"/content/c2-numerisation.json","url":"/c2-numerisation"},{"identifier":"ecee6gogreaw-code","kind":"code","data":"/content/c2-numerisation.json","url":"/c2-numerisation"},{"identifier":"ecee6gogreaw-output","kind":"output","data":"/content/c2-numerisation.json","url":"/c2-numerisation"},{"kind":"page","data":"/content/section4.json","url":"/section4"},{"kind":"page","data":"/content/section5.json","url":"/section5"},{"kind":"page","data":"/content/section6.json","url":"/section6"},{"kind":"page","data":"/content/section7.json","url":"/section7"}]}