{"kind":"Article","sha256":"a20cdd874cfcca4906e77ffd75bab1f3825c3c4f4036ae7366dc88e53e804f80","slug":"cover","location":"/cover.md","dependencies":[],"frontmatter":{"title":"Introduction","content_includes_title":false,"exports":[{"format":"md","filename":"cover.md","url":"/cover-e686b844dea25915beeb75d2cd789de0.md"}]},"mdast":{"type":"root","children":[{"type":"block","children":[{"type":"paragraph","position":{"start":{"line":5,"column":1},"end":{"line":5,"column":1}},"children":[{"type":"strong","position":{"start":{"line":5,"column":1},"end":{"line":5,"column":1}},"children":[{"type":"text","value":"Département :","position":{"start":{"line":5,"column":1},"end":{"line":5,"column":1}},"key":"V2fuld6sZv"}],"key":"QNLGYlLiya"},{"type":"text","value":" Génie électrique","position":{"start":{"line":5,"column":1},"end":{"line":5,"column":1}},"key":"wAduX8w9HF"}],"key":"Qip8e9JPJI"},{"type":"paragraph","position":{"start":{"line":7,"column":1},"end":{"line":7,"column":1}},"children":[{"type":"strong","position":{"start":{"line":7,"column":1},"end":{"line":7,"column":1}},"children":[{"type":"text","value":"Préalables:","position":{"start":{"line":7,"column":1},"end":{"line":7,"column":1}},"key":"upAleOtdSU"}],"key":"Kl6uO3uJ3s"},{"type":"text","value":" ELE2700 ou PHS2223, MTH2303","position":{"start":{"line":7,"column":1},"end":{"line":7,"column":1}},"key":"wj4AmpGysM"}],"key":"RmdQah0zBu"},{"type":"paragraph","position":{"start":{"line":9,"column":1},"end":{"line":9,"column":1}},"children":[{"type":"text","value":"Ce livre en ligne contient les notes de cours pour ELE3701A,  Éléments de télécommunications, de Polytechnique Montréal.","position":{"start":{"line":9,"column":1},"end":{"line":9,"column":1}},"key":"iqL3KBLlZM"}],"key":"DJsweKOzpI"},{"type":"paragraph","position":{"start":{"line":11,"column":1},"end":{"line":11,"column":1}},"children":[{"type":"strong","position":{"start":{"line":11,"column":1},"end":{"line":11,"column":1}},"children":[{"type":"text","value":"Préparé par :","position":{"start":{"line":11,"column":1},"end":{"line":11,"column":1}},"key":"FqNE3rbz9J"}],"key":"F4VMXY07Gc"}],"key":"yPu04wffVy"},{"type":"list","ordered":false,"spread":false,"position":{"start":{"line":13,"column":1},"end":{"line":18,"column":1}},"children":[{"type":"listItem","spread":true,"position":{"start":{"line":13,"column":1},"end":{"line":14,"column":1}},"children":[{"type":"paragraph","position":{"start":{"line":13,"column":1},"end":{"line":13,"column":1}},"children":[{"type":"strong","position":{"start":{"line":13,"column":1},"end":{"line":13,"column":1}},"children":[{"type":"text","value":"Contenu :","position":{"start":{"line":13,"column":1},"end":{"line":13,"column":1}},"key":"YydH8FtYUN"}],"key":"kYRMdmiTH7"},{"type":"text","value":" Gunes Karabulut Kurt","position":{"start":{"line":13,"column":1},"end":{"line":13,"column":1}},"key":"z70VS2lxXg"}],"key":"BRGNZOBFHc"}],"key":"S0vHaNV5zT"},{"type":"listItem","spread":true,"position":{"start":{"line":15,"column":1},"end":{"line":16,"column":1}},"children":[{"type":"paragraph","position":{"start":{"line":15,"column":1},"end":{"line":15,"column":1}},"children":[{"type":"strong","position":{"start":{"line":15,"column":1},"end":{"line":15,"column":1}},"children":[{"type":"text","value":"Programmation :","position":{"start":{"line":15,"column":1},"end":{"line":15,"column":1}},"key":"G58IpEmKgz"}],"key":"uW9PJNVIg7"},{"type":"text","value":" Adam Osmani","position":{"start":{"line":15,"column":1},"end":{"line":15,"column":1}},"key":"dEcS1Xo8Or"}],"key":"aMJJfa0Lys"}],"key":"DFtRUDtM6j"},{"type":"listItem","spread":true,"position":{"start":{"line":17,"column":1},"end":{"line":18,"column":1}},"children":[{"type":"paragraph","position":{"start":{"line":17,"column":1},"end":{"line":17,"column":1}},"children":[{"type":"strong","position":{"start":{"line":17,"column":1},"end":{"line":17,"column":1}},"children":[{"type":"text","value":"Exemples interactifs :","position":{"start":{"line":17,"column":1},"end":{"line":17,"column":1}},"key":"b6p7KxRGnf"}],"key":"YNZTSFXdL9"},{"type":"text","value":" Adam Osmani, Mohamed Anis  Mekkaoui","position":{"start":{"line":17,"column":1},"end":{"line":17,"column":1}},"key":"ow89t8nMSJ"}],"key":"TApW4kg1g3"}],"key":"aQANjoKVNA"}],"key":"SWms5fUP8p"},{"type":"paragraph","position":{"start":{"line":19,"column":1},"end":{"line":19,"column":1}},"children":[{"type":"text","value":"Pour toute question/recommandation, veuillez contacter :  ","position":{"start":{"line":19,"column":1},"end":{"line":19,"column":1}},"key":"wrhm0zowRg"},{"type":"link","url":"mailto:ELE3701Apolymtl@gmail.com","position":{"start":{"line":19,"column":1},"end":{"line":19,"column":1}},"children":[{"type":"text","value":"ELE3701Apolymtl@gmail​.com","position":{"start":{"line":19,"column":1},"end":{"line":19,"column":1}},"key":"rgddTpH72Q"}],"urlSource":"mailto:ELE3701Apolymtl@gmail.com","key":"jtTltHzJ04"}],"key":"NASSBOCRMy"},{"type":"paragraph","position":{"start":{"line":21,"column":1},"end":{"line":21,"column":1}},"children":[{"type":"text","value":"Informations sur le cours disponibles sur le site:  ","position":{"start":{"line":21,"column":1},"end":{"line":21,"column":1}},"key":"nFvmGCzv3x"},{"type":"link","url":"https://moodle.polymtl.ca/course/view.php?id=311","position":{"start":{"line":21,"column":1},"end":{"line":21,"column":1}},"children":[{"type":"text","value":"https://​moodle​.polymtl​.ca​/course​/view​.php​?id​=​311","position":{"start":{"line":21,"column":1},"end":{"line":21,"column":1}},"key":"F09k7byuDS"}],"urlSource":"https://moodle.polymtl.ca/course/view.php?id=311","key":"mgsdp8iscp"}],"key":"LA6JpQ0xu2"},{"type":"heading","depth":2,"position":{"start":{"line":23,"column":1},"end":{"line":23,"column":1}},"children":[{"type":"text","value":"Contenu du Cours","position":{"start":{"line":23,"column":1},"end":{"line":23,"column":1}},"key":"yn7mYoyKgA"}],"identifier":"contenu-du-cours","label":"Contenu du Cours","html_id":"contenu-du-cours","implicit":true,"key":"hIzJquoZdR"},{"type":"list","ordered":true,"start":1,"spread":false,"position":{"start":{"line":25,"column":1},"end":{"line":75,"column":1}},"children":[{"type":"listItem","spread":true,"position":{"start":{"line":25,"column":1},"end":{"line":26,"column":1}},"children":[{"type":"paragraph","position":{"start":{"line":25,"column":1},"end":{"line":25,"column":1}},"children":[{"type":"strong","position":{"start":{"line":25,"column":1},"end":{"line":25,"column":1}},"children":[{"type":"text","value":"Introduction","position":{"start":{"line":25,"column":1},"end":{"line":25,"column":1}},"key":"BqX2LF6MF6"}],"key":"wY8Vside0Q"},{"type":"text","value":" (1 heure)","position":{"start":{"line":25,"column":1},"end":{"line":25,"column":1}},"key":"WFxtNHqPP7"}],"key":"YJv4Up1ieE"}],"key":"nmGXoc7H3Z"},{"type":"listItem","spread":true,"position":{"start":{"line":27,"column":1},"end":{"line":36,"column":1}},"children":[{"type":"paragraph","position":{"start":{"line":27,"column":1},"end":{"line":27,"column":1}},"children":[{"type":"strong","position":{"start":{"line":27,"column":1},"end":{"line":27,"column":1}},"children":[{"type":"text","value":"Notions fondamentales","position":{"start":{"line":27,"column":1},"end":{"line":27,"column":1}},"key":"NgmjnuFEFm"}],"key":"mgBWP6Qolk"},{"type":"text","value":"  (7 heures)","position":{"start":{"line":27,"column":1},"end":{"line":27,"column":1}},"key":"Q8lVuRdZfK"}],"key":"YUrQT402jf"},{"type":"paragraph","position":{"start":{"line":29,"column":1},"end":{"line":29,"column":1}},"children":[{"type":"text","value":"2.1.  Signaux","position":{"start":{"line":29,"column":1},"end":{"line":29,"column":1}},"key":"wr1gCLVC0L"}],"key":"c6hf2jyTN1"},{"type":"paragraph","position":{"start":{"line":31,"column":1},"end":{"line":31,"column":1}},"children":[{"type":"text","value":"2.2.  Analyse de Fourier","position":{"start":{"line":31,"column":1},"end":{"line":31,"column":1}},"key":"ditp5m9adc"}],"key":"wfaRzs1fwn"},{"type":"paragraph","position":{"start":{"line":33,"column":1},"end":{"line":33,"column":1}},"children":[{"type":"text","value":"2.3.  Systèmes","position":{"start":{"line":33,"column":1},"end":{"line":33,"column":1}},"key":"HRrkaA3zmk"}],"key":"leQzTweJUx"},{"type":"paragraph","position":{"start":{"line":35,"column":1},"end":{"line":35,"column":1}},"children":[{"type":"text","value":"2.4.  Signaux aléatoires","position":{"start":{"line":35,"column":1},"end":{"line":35,"column":1}},"key":"Xzxs6TDKHb"}],"key":"WEUFju4n1N"}],"key":"pIl5DLe02t"},{"type":"listItem","spread":true,"position":{"start":{"line":37,"column":1},"end":{"line":44,"column":1}},"children":[{"type":"paragraph","position":{"start":{"line":37,"column":1},"end":{"line":37,"column":1}},"children":[{"type":"strong","position":{"start":{"line":37,"column":1},"end":{"line":37,"column":1}},"children":[{"type":"text","value":"Numérisation","position":{"start":{"line":37,"column":1},"end":{"line":37,"column":1}},"key":"AR4erqEflp"}],"key":"zFtjURCvd9"},{"type":"text","value":" (4 heures)","position":{"start":{"line":37,"column":1},"end":{"line":37,"column":1}},"key":"WSuaJqG5Mq"}],"key":"MuKyNWNQoq"},{"type":"paragraph","position":{"start":{"line":39,"column":1},"end":{"line":39,"column":1}},"children":[{"type":"text","value":"3.1.  Échantillonnage","position":{"start":{"line":39,"column":1},"end":{"line":39,"column":1}},"key":"I4nvNQSGDF"}],"key":"gvDmD2Tywh"},{"type":"paragraph","position":{"start":{"line":41,"column":1},"end":{"line":41,"column":1}},"children":[{"type":"text","value":"3.2.  Modulation par impulsions codées","position":{"start":{"line":41,"column":1},"end":{"line":41,"column":1}},"key":"zaPM0vi9Ar"}],"key":"hIlrbkfpkD"},{"type":"paragraph","position":{"start":{"line":43,"column":1},"end":{"line":43,"column":1}},"children":[{"type":"text","value":"3.3.  Multiplexage temporel","position":{"start":{"line":43,"column":1},"end":{"line":43,"column":1}},"key":"TwMJYIi08L"}],"key":"KFSNqKRGMj"}],"key":"b89Sw5bW38"},{"type":"listItem","spread":true,"position":{"start":{"line":45,"column":1},"end":{"line":52,"column":1}},"children":[{"type":"paragraph","position":{"start":{"line":45,"column":1},"end":{"line":45,"column":1}},"children":[{"type":"strong","position":{"start":{"line":45,"column":1},"end":{"line":45,"column":1}},"children":[{"type":"text","value":"Procédures de transmission","position":{"start":{"line":45,"column":1},"end":{"line":45,"column":1}},"key":"O8l7f8MZVu"}],"key":"t15AqCxAD4"},{"type":"text","value":" (13 heures)","position":{"start":{"line":45,"column":1},"end":{"line":45,"column":1}},"key":"C9G5Bt5Sg8"}],"key":"grHFUNBBfe"},{"type":"paragraph","position":{"start":{"line":47,"column":1},"end":{"line":47,"column":1}},"children":[{"type":"text","value":"4.1.  Modulation d’amplitude","position":{"start":{"line":47,"column":1},"end":{"line":47,"column":1}},"key":"es7YstLR6i"}],"key":"stnBDDJfos"},{"type":"paragraph","position":{"start":{"line":49,"column":1},"end":{"line":49,"column":1}},"children":[{"type":"text","value":"4.2.  Modulation d’angle","position":{"start":{"line":49,"column":1},"end":{"line":49,"column":1}},"key":"Au2p9YtDWX"}],"key":"PRDZuWhcus"},{"type":"paragraph","position":{"start":{"line":51,"column":1},"end":{"line":51,"column":1}},"children":[{"type":"text","value":"4.3.  Modulation numérique","position":{"start":{"line":51,"column":1},"end":{"line":51,"column":1}},"key":"nmgAIEawBl"}],"key":"bWhqmfo1Gx"}],"key":"TO2x0x20hd"},{"type":"listItem","spread":true,"position":{"start":{"line":53,"column":1},"end":{"line":60,"column":1}},"children":[{"type":"paragraph","position":{"start":{"line":53,"column":1},"end":{"line":53,"column":1}},"children":[{"type":"strong","position":{"start":{"line":53,"column":1},"end":{"line":53,"column":1}},"children":[{"type":"text","value":"Supports de transmission","position":{"start":{"line":53,"column":1},"end":{"line":53,"column":1}},"key":"sDjnIciULL"}],"key":"Y2Jr4dvQXt"},{"type":"text","value":" (4 heures)","position":{"start":{"line":53,"column":1},"end":{"line":53,"column":1}},"key":"rPujxUZppe"}],"key":"LqnVlqJySM"},{"type":"paragraph","position":{"start":{"line":55,"column":1},"end":{"line":55,"column":1}},"children":[{"type":"text","value":"5.1.  Distorsion","position":{"start":{"line":55,"column":1},"end":{"line":55,"column":1}},"key":"r0C8OAmGLD"}],"key":"Qfx29THgu0"},{"type":"paragraph","position":{"start":{"line":57,"column":1},"end":{"line":57,"column":1}},"children":[{"type":"text","value":"5.2.  Canal de transmission","position":{"start":{"line":57,"column":1},"end":{"line":57,"column":1}},"key":"KYAD5RWkin"}],"key":"fN2QtmrOfO"},{"type":"paragraph","position":{"start":{"line":59,"column":1},"end":{"line":59,"column":1}},"children":[{"type":"text","value":"5.3.  Modèle statistique du canal","position":{"start":{"line":59,"column":1},"end":{"line":59,"column":1}},"key":"myVISvFNvJ"}],"key":"bmh20bmZEZ"}],"key":"oII2vONaaf"},{"type":"listItem","spread":true,"position":{"start":{"line":61,"column":1},"end":{"line":68,"column":1}},"children":[{"type":"paragraph","position":{"start":{"line":61,"column":1},"end":{"line":61,"column":1}},"children":[{"type":"strong","position":{"start":{"line":61,"column":1},"end":{"line":61,"column":1}},"children":[{"type":"text","value":"Contrôle des erreurs","position":{"start":{"line":61,"column":1},"end":{"line":61,"column":1}},"key":"cQh75IwLx6"}],"key":"SYZLQ9Vn35"},{"type":"text","value":" (3 heures)","position":{"start":{"line":61,"column":1},"end":{"line":61,"column":1}},"key":"oe9N39l7c6"}],"key":"q96sYrpvzB"},{"type":"paragraph","position":{"start":{"line":63,"column":1},"end":{"line":63,"column":1}},"children":[{"type":"text","value":"6.1.  Introduction","position":{"start":{"line":63,"column":1},"end":{"line":63,"column":1}},"key":"np4eC1EMIH"}],"key":"NNqmPiXJdn"},{"type":"paragraph","position":{"start":{"line":65,"column":1},"end":{"line":65,"column":1}},"children":[{"type":"text","value":"6.2.  Codage de blocs","position":{"start":{"line":65,"column":1},"end":{"line":65,"column":1}},"key":"YcOYyqy00W"}],"key":"y5dTNNfeA4"},{"type":"paragraph","position":{"start":{"line":67,"column":1},"end":{"line":67,"column":1}},"children":[{"type":"text","value":"6.3.  Codage convolutionnel","position":{"start":{"line":67,"column":1},"end":{"line":67,"column":1}},"key":"Z6avbtsQcA"}],"key":"lkSza5LFeh"}],"key":"wFV6mgzMpT"},{"type":"listItem","spread":true,"position":{"start":{"line":69,"column":1},"end":{"line":75,"column":1}},"children":[{"type":"paragraph","position":{"start":{"line":69,"column":1},"end":{"line":69,"column":1}},"children":[{"type":"strong","position":{"start":{"line":69,"column":1},"end":{"line":69,"column":1}},"children":[{"type":"text","value":"Codage de source","position":{"start":{"line":69,"column":1},"end":{"line":69,"column":1}},"key":"Yu6Bq5zTLI"}],"key":"faIvimzabP"},{"type":"text","value":" (3 heures)","position":{"start":{"line":69,"column":1},"end":{"line":69,"column":1}},"key":"B9YBkImecX"}],"key":"d4i22CkZGA"},{"type":"paragraph","position":{"start":{"line":71,"column":1},"end":{"line":71,"column":1}},"children":[{"type":"text","value":"7.1.  Introduction et entropie de Shannon","position":{"start":{"line":71,"column":1},"end":{"line":71,"column":1}},"key":"czLWL4NWbl"}],"key":"azLc3PiBQH"},{"type":"paragraph","position":{"start":{"line":73,"column":1},"end":{"line":73,"column":1}},"children":[{"type":"text","value":"7.2.  Codage de Huffman","position":{"start":{"line":73,"column":1},"end":{"line":73,"column":1}},"key":"fEKGxsZ3nD"}],"key":"E8lsiYXVQb"}],"key":"z4qYE6zcJm"}],"key":"Gty239rq23"},{"type":"admonition","kind":"warning","children":[{"type":"admonitionTitle","children":[{"type":"text","value":"Contrôle : 2 heures","position":{"start":{"line":76,"column":1},"end":{"line":76,"column":1}},"key":"sbyb7p8r2w"}],"key":"JRk9TOOm3r"},{"type":"paragraph","position":{"start":{"line":77,"column":1},"end":{"line":77,"column":1}},"children":[{"type":"text","value":"Le contrôle périodique est planifié pour la ","position":{"start":{"line":77,"column":1},"end":{"line":77,"column":1}},"key":"r6SqixIHlQ"},{"type":"strong","position":{"start":{"line":77,"column":1},"end":{"line":77,"column":1}},"children":[{"type":"text","value":"huitième semaine","position":{"start":{"line":77,"column":1},"end":{"line":77,"column":1}},"key":"qplm8bnFky"}],"key":"oWTpxq2RHv"},{"type":"text","value":" et la durée de l’examen est de ","position":{"start":{"line":77,"column":1},"end":{"line":77,"column":1}},"key":"iYghlJ2tQV"},{"type":"strong","position":{"start":{"line":77,"column":1},"end":{"line":77,"column":1}},"children":[{"type":"text","value":"deux heures","position":{"start":{"line":77,"column":1},"end":{"line":77,"column":1}},"key":"LuIZzooceZ"}],"key":"GovNexFdid"},{"type":"text","value":". C’est un examen à livre fermé et un aide-mémoire sera fourni.","position":{"start":{"line":77,"column":1},"end":{"line":77,"column":1}},"key":"qIcU7VU0FB"}],"key":"Rvo4uzTlC3"}],"key":"lTAQ0F7zrU"},{"type":"heading","depth":2,"position":{"start":{"line":83,"column":1},"end":{"line":83,"column":1}},"children":[{"type":"text","value":"Objectifs d’apprentisage","position":{"start":{"line":83,"column":1},"end":{"line":83,"column":1}},"key":"C9s0iN5kz6"}],"identifier":"objectifs-dapprentisage","label":"Objectifs d’apprentisage","html_id":"objectifs-dapprentisage","implicit":true,"key":"ZrBVzzuacY"},{"type":"paragraph","position":{"start":{"line":85,"column":1},"end":{"line":88,"column":1}},"children":[{"type":"text","value":"L’objectif global d’un système de communication est de transmettre les\ninformations efficacement tout en minimisant l’utilisation des\nressources telles que la largeur de bande, la puissance et le coût. Ce\ncours se concentre sur :","position":{"start":{"line":85,"column":1},"end":{"line":85,"column":1}},"key":"noTvLJ0pdE"}],"key":"wNrCaCofar"},{"type":"paragraph","position":{"start":{"line":90,"column":1},"end":{"line":91,"column":1}},"children":[{"type":"strong","position":{"start":{"line":90,"column":1},"end":{"line":90,"column":1}},"children":[{"type":"text","value":"O1.","position":{"start":{"line":90,"column":1},"end":{"line":90,"column":1}},"key":"ON7Pegr3om"}],"key":"I5LHaH42lO"},{"type":"text","value":"  Identification des éléments fondamentaux d’un lien de communication\npoint à point ","position":{"start":{"line":90,"column":1},"end":{"line":90,"column":1}},"key":"FJtmBYwoLf"},{"type":"strong","position":{"start":{"line":90,"column":1},"end":{"line":90,"column":1}},"children":[{"type":"text","value":"(Section-1)","position":{"start":{"line":90,"column":1},"end":{"line":90,"column":1}},"key":"HIMOucYrn7"}],"key":"HvWf1NbYHa"}],"key":"rfpFhL9I2y"},{"type":"paragraph","position":{"start":{"line":93,"column":1},"end":{"line":94,"column":1}},"children":[{"type":"strong","position":{"start":{"line":93,"column":1},"end":{"line":93,"column":1}},"children":[{"type":"text","value":"O2.","position":{"start":{"line":93,"column":1},"end":{"line":93,"column":1}},"key":"yx00Ej67Zu"}],"key":"NpGRwWGrVF"},{"type":"text","value":"  Application des outils d’analyse spectrale pour résoudre des\nproblèmes liés aux procédures de transmission ","position":{"start":{"line":93,"column":1},"end":{"line":93,"column":1}},"key":"cUg8IuKEvF"},{"type":"strong","position":{"start":{"line":93,"column":1},"end":{"line":93,"column":1}},"children":[{"type":"text","value":"(Section-2)","position":{"start":{"line":93,"column":1},"end":{"line":93,"column":1}},"key":"gZZKys3vZ1"}],"key":"iVf8mZVkeZ"}],"key":"dDf4oLbKqf"},{"type":"paragraph","position":{"start":{"line":96,"column":1},"end":{"line":98,"column":1}},"children":[{"type":"strong","position":{"start":{"line":96,"column":1},"end":{"line":96,"column":1}},"children":[{"type":"text","value":"O3.","position":{"start":{"line":96,"column":1},"end":{"line":96,"column":1}},"key":"mbSSzUHH8A"}],"key":"mNcbKAE64z"},{"type":"text","value":"   Numérisation des signaux. Comprendre l’échantillonnage, la\nquantification, et les conversions analogique-numérique\n","position":{"start":{"line":96,"column":1},"end":{"line":96,"column":1}},"key":"YoPxaf1hJZ"},{"type":"strong","position":{"start":{"line":96,"column":1},"end":{"line":96,"column":1}},"children":[{"type":"text","value":"(Section-3)","position":{"start":{"line":96,"column":1},"end":{"line":96,"column":1}},"key":"xBCA0CzHPg"}],"key":"XdrsR1uokk"}],"key":"CW9oPEBhyO"},{"type":"paragraph","position":{"start":{"line":100,"column":1},"end":{"line":101,"column":1}},"children":[{"type":"strong","position":{"start":{"line":100,"column":1},"end":{"line":100,"column":1}},"children":[{"type":"text","value":"O4.","position":{"start":{"line":100,"column":1},"end":{"line":100,"column":1}},"key":"Mt4qO8yT7I"}],"key":"gHiqLnhUVH"},{"type":"text","value":"  Proposition des techniques de modulation appropriées en fonction des\ncaractéristiques du canal et du type d’information ","position":{"start":{"line":100,"column":1},"end":{"line":100,"column":1}},"key":"T2aKNOhAni"},{"type":"strong","position":{"start":{"line":100,"column":1},"end":{"line":100,"column":1}},"children":[{"type":"text","value":"(Section-4)","position":{"start":{"line":100,"column":1},"end":{"line":100,"column":1}},"key":"k5LfvduenJ"}],"key":"PK2x0Ehlu4"}],"key":"thQgROyTDZ"},{"type":"paragraph","position":{"start":{"line":103,"column":1},"end":{"line":104,"column":1}},"children":[{"type":"strong","position":{"start":{"line":103,"column":1},"end":{"line":103,"column":1}},"children":[{"type":"text","value":"O5.","position":{"start":{"line":103,"column":1},"end":{"line":103,"column":1}},"key":"F2sLGbkjve"}],"key":"bSEiz78zWs"},{"type":"text","value":"  Modélisation d’un canal de transmission et explication des\nimperfections associées ","position":{"start":{"line":103,"column":1},"end":{"line":103,"column":1}},"key":"Vb9BkJ1IMA"},{"type":"strong","position":{"start":{"line":103,"column":1},"end":{"line":103,"column":1}},"children":[{"type":"text","value":"(Section-5)","position":{"start":{"line":103,"column":1},"end":{"line":103,"column":1}},"key":"qGxjgHNNEI"}],"key":"nfDDZ8TuME"}],"key":"cseb5PvKl6"},{"type":"paragraph","position":{"start":{"line":106,"column":1},"end":{"line":107,"column":1}},"children":[{"type":"strong","position":{"start":{"line":106,"column":1},"end":{"line":106,"column":1}},"children":[{"type":"text","value":"O6.","position":{"start":{"line":106,"column":1},"end":{"line":106,"column":1}},"key":"S2KmMUOAT9"}],"key":"q68q6Kfsk2"},{"type":"text","value":"  Utilisation des techniques de contrôle des erreurs pour garantir la\nfiabilité des transmissions ","position":{"start":{"line":106,"column":1},"end":{"line":106,"column":1}},"key":"LRWOrMKiij"},{"type":"strong","position":{"start":{"line":106,"column":1},"end":{"line":106,"column":1}},"children":[{"type":"text","value":"(Section-6)","position":{"start":{"line":106,"column":1},"end":{"line":106,"column":1}},"key":"hMc6ECxEr0"}],"key":"kaXqIyhQpP"}],"key":"IB2CW2M3gw"},{"type":"paragraph","position":{"start":{"line":109,"column":1},"end":{"line":110,"column":1}},"children":[{"type":"strong","position":{"start":{"line":109,"column":1},"end":{"line":109,"column":1}},"children":[{"type":"text","value":"O7.","position":{"start":{"line":109,"column":1},"end":{"line":109,"column":1}},"key":"SlTTrKEXgO"}],"key":"qGTfnCC5AW"},{"type":"text","value":"  Choix des techniques de codage de source adaptées à la compression\ndes informations ","position":{"start":{"line":109,"column":1},"end":{"line":109,"column":1}},"key":"sFByHLAsIq"},{"type":"strong","position":{"start":{"line":109,"column":1},"end":{"line":109,"column":1}},"children":[{"type":"text","value":"(Section-7)","position":{"start":{"line":109,"column":1},"end":{"line":109,"column":1}},"key":"WDpHrraj81"}],"key":"PurCrBF4H6"}],"key":"tGHLPvvuoT"},{"type":"paragraph","position":{"start":{"line":112,"column":1},"end":{"line":113,"column":1}},"children":[{"type":"strong","position":{"start":{"line":112,"column":1},"end":{"line":112,"column":1}},"children":[{"type":"text","value":"O8.","position":{"start":{"line":112,"column":1},"end":{"line":112,"column":1}},"key":"lYMJYj1wkq"}],"key":"J1ZrLxZbIz"},{"type":"text","value":"  Conception de systèmes de communication complets, intégrant ces\nconcepts de manière pratique. ","position":{"start":{"line":112,"column":1},"end":{"line":112,"column":1}},"key":"GLXtgDh4ZT"},{"type":"strong","position":{"start":{"line":112,"column":1},"end":{"line":112,"column":1}},"children":[{"type":"text","value":"Toutes les sections","position":{"start":{"line":112,"column":1},"end":{"line":112,"column":1}},"key":"TuLojuhJLn"}],"key":"m6eh8whyCj"}],"key":"DEqhHyD56p"},{"type":"heading","depth":2,"position":{"start":{"line":116,"column":1},"end":{"line":116,"column":1}},"children":[{"type":"text","value":"Travaux pratiques","position":{"start":{"line":116,"column":1},"end":{"line":116,"column":1}},"key":"zzzy8VDOTv"}],"identifier":"travaux-pratiques","label":"Travaux pratiques","html_id":"travaux-pratiques","implicit":true,"key":"u7L8WC3jaD"},{"type":"paragraph","position":{"start":{"line":117,"column":1},"end":{"line":117,"column":1}},"children":[{"type":"text","value":"Ce cours vise l’apprentissage par la pratique avec cinq ","position":{"start":{"line":117,"column":1},"end":{"line":117,"column":1}},"key":"CxQmbl6NHi"},{"type":"strong","position":{"start":{"line":117,"column":1},"end":{"line":117,"column":1}},"children":[{"type":"text","value":"travaux pratiques","position":{"start":{"line":117,"column":1},"end":{"line":117,"column":1}},"key":"PK4D1I04VZ"}],"key":"GAKzab3jqO"},{"type":"text","value":" (TPs). Leur programme est affiché sur moodle. Une vue d’ensemble des TPs est listée ci-dessous.","position":{"start":{"line":117,"column":1},"end":{"line":117,"column":1}},"key":"lLEnyo6bBt"}],"key":"c2PhsOpTkG"},{"type":"table","position":{"start":{"line":119,"column":1},"end":{"line":125,"column":1}},"children":[{"type":"tableRow","position":{"start":{"line":119,"column":1},"end":{"line":119,"column":1}},"children":[{"type":"tableCell","header":true,"align":"left","position":{"start":{"line":119,"column":1},"end":{"line":119,"column":1}},"children":[{"type":"text","value":"TP","position":{"start":{"line":119,"column":1},"end":{"line":119,"column":1}},"key":"TnM1YVO80w"}],"key":"YTk77nCElX"},{"type":"tableCell","header":true,"align":"left","position":{"start":{"line":119,"column":1},"end":{"line":119,"column":1}},"children":[{"type":"text","value":"Titres","position":{"start":{"line":119,"column":1},"end":{"line":119,"column":1}},"key":"hVeYjF8kRG"}],"key":"oPTCHAa1Pm"},{"type":"tableCell","header":true,"align":"right","position":{"start":{"line":119,"column":1},"end":{"line":119,"column":1}},"children":[{"type":"text","value":"Objectifs d’apprentissage","position":{"start":{"line":119,"column":1},"end":{"line":119,"column":1}},"key":"RezhlXiT9S"}],"key":"YaDdLpbWmz"}],"key":"OfedN79Fpw"},{"type":"tableRow","position":{"start":{"line":121,"column":1},"end":{"line":121,"column":1}},"children":[{"type":"tableCell","align":"left","position":{"start":{"line":121,"column":1},"end":{"line":121,"column":1}},"children":[{"type":"text","value":"TP1","position":{"start":{"line":121,"column":1},"end":{"line":121,"column":1}},"key":"E5muMINmJa"}],"key":"QBfj1r8a0f"},{"type":"tableCell","align":"left","position":{"start":{"line":121,"column":1},"end":{"line":121,"column":1}},"children":[{"type":"text","value":"Signaux","position":{"start":{"line":121,"column":1},"end":{"line":121,"column":1}},"key":"MT4UAu4azb"}],"key":"aH2aE3kgrC"},{"type":"tableCell","align":"right","position":{"start":{"line":121,"column":1},"end":{"line":121,"column":1}},"children":[{"type":"text","value":"appliquer le fonctionnement des principaux appareils utilisés au laboratoire.","position":{"start":{"line":121,"column":1},"end":{"line":121,"column":1}},"key":"eUMfh5ugy9"}],"key":"omA5uROacj"}],"key":"SQut4Qe9vT"},{"type":"tableRow","position":{"start":{"line":122,"column":1},"end":{"line":122,"column":1}},"children":[{"type":"tableCell","align":"left","position":{"start":{"line":122,"column":1},"end":{"line":122,"column":1}},"children":[{"type":"text","value":"TP2","position":{"start":{"line":122,"column":1},"end":{"line":122,"column":1}},"key":"KU8paQXPzz"}],"key":"mP6wKX6TR8"},{"type":"tableCell","align":"left","position":{"start":{"line":122,"column":1},"end":{"line":122,"column":1}},"children":[{"type":"text","value":"Numérisation d’un signal","position":{"start":{"line":122,"column":1},"end":{"line":122,"column":1}},"key":"Cy1dKXs3ss"}],"key":"BopQE27nAj"},{"type":"tableCell","align":"right","position":{"start":{"line":122,"column":1},"end":{"line":122,"column":1}},"children":[{"type":"text","value":"appliquer les trois sujets reliés à la notion de numérisation : les conversions analogique-numérique et numérique-analogique, ainsi que la quantification","position":{"start":{"line":122,"column":1},"end":{"line":122,"column":1}},"key":"I5GAcplKYS"}],"key":"EgLjDXmeZG"}],"key":"gBWFkqmgM2"},{"type":"tableRow","position":{"start":{"line":123,"column":1},"end":{"line":123,"column":1}},"children":[{"type":"tableCell","align":"left","position":{"start":{"line":123,"column":1},"end":{"line":123,"column":1}},"children":[{"type":"text","value":"TP3","position":{"start":{"line":123,"column":1},"end":{"line":123,"column":1}},"key":"GdqPhnCbnR"}],"key":"cca9620anF"},{"type":"tableCell","align":"left","position":{"start":{"line":123,"column":1},"end":{"line":123,"column":1}},"children":[{"type":"text","value":"Analyse spectrale avec la radio définie par logiciel","position":{"start":{"line":123,"column":1},"end":{"line":123,"column":1}},"key":"dN0oh81Lr6"}],"key":"jn53tLkIMF"},{"type":"tableCell","align":"right","position":{"start":{"line":123,"column":1},"end":{"line":123,"column":1}},"children":[{"type":"text","value":"analyser le spectre fréquentiel mesurable au laboratoire.","position":{"start":{"line":123,"column":1},"end":{"line":123,"column":1}},"key":"MbWZsbGuo4"}],"key":"EYBNI2dgFc"}],"key":"WPJn9DoOz6"},{"type":"tableRow","position":{"start":{"line":124,"column":1},"end":{"line":124,"column":1}},"children":[{"type":"tableCell","align":"left","position":{"start":{"line":124,"column":1},"end":{"line":124,"column":1}},"children":[{"type":"text","value":"TP4","position":{"start":{"line":124,"column":1},"end":{"line":124,"column":1}},"key":"KUQGhGisAY"}],"key":"s1cqpvXCdp"},{"type":"tableCell","align":"left","position":{"start":{"line":124,"column":1},"end":{"line":124,"column":1}},"children":[{"type":"text","value":"Modulation d’amplitude","position":{"start":{"line":124,"column":1},"end":{"line":124,"column":1}},"key":"ai2Yn2jCzL"}],"key":"Wjl1FyCt1A"},{"type":"tableCell","align":"right","position":{"start":{"line":124,"column":1},"end":{"line":124,"column":1}},"children":[{"type":"text","value":"intégrer et tester les principaux paramètres associés à la modulation AM (la fréquence porteuse, l’amplitude de la porteuse et l’indice de modulation) pour que le système fonctionne.","position":{"start":{"line":124,"column":1},"end":{"line":124,"column":1}},"key":"Y00Xpyra1G"}],"key":"rf6ct3XZrH"}],"key":"JoJBnjok8R"},{"type":"tableRow","position":{"start":{"line":125,"column":1},"end":{"line":125,"column":1}},"children":[{"type":"tableCell","align":"left","position":{"start":{"line":125,"column":1},"end":{"line":125,"column":1}},"children":[{"type":"text","value":"TP5","position":{"start":{"line":125,"column":1},"end":{"line":125,"column":1}},"key":"Efm9Q4rL74"}],"key":"iaGBEefiLN"},{"type":"tableCell","align":"left","position":{"start":{"line":125,"column":1},"end":{"line":125,"column":1}},"children":[{"type":"text","value":"Analyse en bande de base avec la radio définie par logiciel","position":{"start":{"line":125,"column":1},"end":{"line":125,"column":1}},"key":"soJBgpqsEr"}],"key":"RpEdzCFHI2"},{"type":"tableCell","align":"right","position":{"start":{"line":125,"column":1},"end":{"line":125,"column":1}},"children":[{"type":"text","value":"configurer un récepteur pour un signal BPSK à partir des outils qui auront été présentés.","position":{"start":{"line":125,"column":1},"end":{"line":125,"column":1}},"key":"VYVaLZMQWU"}],"key":"aDQJIcVjh3"}],"key":"feKHhmCGFa"}],"key":"v79UCTU8Pv"}],"key":"RPyYPQmei9"}],"key":"BuepZIeiMi"},"references":{"cite":{"order":[],"data":{}}}}