{"kind":"Article","sha256":"e908d90d77d92a8bfbcfb3e816f155840db4f2f7e8e0274cf62a297797d2c593","slug":"section1","location":"/section1.md","dependencies":[],"frontmatter":{"title":"Section 1 - Éléments d'un système de communication","parts":{"abstract":{"mdast":{"type":"root","children":[{"type":"block","data":{"part":"abstract"},"children":[{"type":"paragraph","position":{"start":{"line":1,"column":1},"end":{"line":1,"column":1}},"children":[{"type":"text","value":"Dans le domaine des télécommunications, la transmission efficace et fiable des données est essentielle. Chaque système de communication vise à transmettre des informations d’une source à une destination via diverses étapes de traitement et un support physique. Comprendre ces étapes et leurs rôles dans l’optimisation des performances est fondamental pour concevoir des systèmes modernes. ","position":{"start":{"line":1,"column":1},"end":{"line":1,"column":1}},"key":"rRRYyVrwoc"},{"type":"strong","position":{"start":{"line":1,"column":1},"end":{"line":1,"column":1}},"children":[{"type":"text","value":"ELE3701A - Éléments de télécommunications","position":{"start":{"line":1,"column":1},"end":{"line":1,"column":1}},"key":"Owpcil0RCU"}],"key":"npPXXNmOra"},{"type":"text","value":", explore ces concepts en profondeur. Cette première section présente le contenu du cours et donne des définitions étayées par des exemples pratiques.","position":{"start":{"line":1,"column":1},"end":{"line":1,"column":1}},"key":"vYmTy1Kw8X"}],"key":"EkORSAl3vy"}],"key":"wXSMusSnAl"}],"key":"rDkNVa6uvi"},"frontmatter":{"title":"Section 1 - Éléments d'un système de communication","exports":[{"format":"pdf","template":"plain_latex","output":"./exports/section1.pdf"}],"downloads":[{"url":"./exports/section1.pdf","title":"PDF"}]}}},"exports":[{"format":"md","filename":"section1.md","url":"/section1-565feea44079bdab60cc833ffdd15503.md"},{"format":"pdf","filename":"section1.pdf","url":"/section1-1fa3c1096909e6947b7ff8260e24f595.pdf"}],"downloads":[{"title":"PDF","url":"/section1-1fa3c1096909e6947b7ff8260e24f595.pdf","filename":"section1.pdf","format":"pdf","static":true}],"thumbnail":"/system-9cc73f75d559ecf36e2a734e3ba088bb.png","thumbnailOptimized":"/system-9cc73f75d559ecf36e2a734e3ba088bb.webp"},"mdast":{"type":"root","children":[{"type":"block","children":[{"type":"heading","depth":2,"position":{"start":{"line":16,"column":1},"end":{"line":16,"column":1}},"children":[{"type":"text","value":"Introduction","position":{"start":{"line":16,"column":1},"end":{"line":16,"column":1}},"key":"xC85J5BaYu"}],"identifier":"introduction","label":"Introduction","html_id":"introduction","implicit":true,"key":"PT7HQFUkOn"},{"type":"paragraph","position":{"start":{"line":18,"column":1},"end":{"line":23,"column":1}},"children":[{"type":"text","value":"Un système de communication établit le pont de communication entre\nl’émetteur et le récepteur. Pour établir ce pont de communication entre\nl’émetteur et le récepteur, il faut d’abord avoir un message à envoyer. Ce\nmessage provient de la source d’information, et vise à être récupéré à\nla destination. L’objectif de cette section est d’identifier  des éléments fondamentaux d’un lien de communication\npoint à point  (","position":{"start":{"line":18,"column":1},"end":{"line":18,"column":1}},"key":"dzuzVPdK8S"},{"type":"strong","position":{"start":{"line":18,"column":1},"end":{"line":18,"column":1}},"children":[{"type":"text","value":"O1","position":{"start":{"line":18,"column":1},"end":{"line":18,"column":1}},"key":"y1P0KLrcEI"}],"key":"YFTgsELVcm"},{"type":"text","value":").","position":{"start":{"line":18,"column":1},"end":{"line":18,"column":1}},"key":"r1ZINPOkTS"}],"key":"HVNNoGll8o"},{"type":"paragraph","position":{"start":{"line":26,"column":1},"end":{"line":27,"column":1}},"children":[{"type":"text","value":"Un système de communication se compose de cinq éléments\n(sous-systèmes) fondamentaux :","position":{"start":{"line":26,"column":1},"end":{"line":26,"column":1}},"key":"LcTKGdtr8t"}],"key":"olhzak1TWd"},{"type":"list","ordered":true,"start":1,"spread":false,"position":{"start":{"line":29,"column":1},"end":{"line":42,"column":1}},"children":[{"type":"listItem","spread":true,"position":{"start":{"line":29,"column":1},"end":{"line":30,"column":1}},"children":[{"type":"paragraph","position":{"start":{"line":29,"column":1},"end":{"line":29,"column":1}},"children":[{"type":"text","value":"la source","position":{"start":{"line":29,"column":1},"end":{"line":29,"column":1}},"key":"OChDJglZir"}],"key":"qLOLLuOWgB"}],"key":"n6q8VT9Xsq"},{"type":"listItem","spread":true,"position":{"start":{"line":31,"column":1},"end":{"line":32,"column":1}},"children":[{"type":"paragraph","position":{"start":{"line":31,"column":1},"end":{"line":31,"column":1}},"children":[{"type":"text","value":"l’émetteur","position":{"start":{"line":31,"column":1},"end":{"line":31,"column":1}},"key":"psexjd85vX"}],"key":"A8l8sAwqlh"}],"key":"Dnhxs7cmaa"},{"type":"listItem","spread":true,"position":{"start":{"line":33,"column":1},"end":{"line":34,"column":1}},"children":[{"type":"paragraph","position":{"start":{"line":33,"column":1},"end":{"line":33,"column":1}},"children":[{"type":"text","value":"le multiplexeur","position":{"start":{"line":33,"column":1},"end":{"line":33,"column":1}},"key":"VcviKmNZYv"}],"key":"kf7VEkh9Rx"}],"key":"WTGMFolwgv"},{"type":"listItem","spread":true,"position":{"start":{"line":35,"column":1},"end":{"line":36,"column":1}},"children":[{"type":"paragraph","position":{"start":{"line":35,"column":1},"end":{"line":35,"column":1}},"children":[{"type":"text","value":"le canal","position":{"start":{"line":35,"column":1},"end":{"line":35,"column":1}},"key":"vJlVsbueBD"}],"key":"ANTD1RUmXm"}],"key":"gQgduG2fCp"},{"type":"listItem","spread":true,"position":{"start":{"line":37,"column":1},"end":{"line":38,"column":1}},"children":[{"type":"paragraph","position":{"start":{"line":37,"column":1},"end":{"line":37,"column":1}},"children":[{"type":"text","value":"le démultiplexeur","position":{"start":{"line":37,"column":1},"end":{"line":37,"column":1}},"key":"b7eLIOEsNh"}],"key":"NbxsDYFQA0"}],"key":"pU0Ezaav7i"},{"type":"listItem","spread":true,"position":{"start":{"line":39,"column":1},"end":{"line":40,"column":1}},"children":[{"type":"paragraph","position":{"start":{"line":39,"column":1},"end":{"line":39,"column":1}},"children":[{"type":"text","value":"le récepteur","position":{"start":{"line":39,"column":1},"end":{"line":39,"column":1}},"key":"dygmsI2XYB"}],"key":"fN7NSQ9BYt"}],"key":"xSUYsOWO5k"},{"type":"listItem","spread":true,"position":{"start":{"line":41,"column":1},"end":{"line":42,"column":1}},"children":[{"type":"paragraph","position":{"start":{"line":41,"column":1},"end":{"line":41,"column":1}},"children":[{"type":"text","value":"la destination","position":{"start":{"line":41,"column":1},"end":{"line":41,"column":1}},"key":"xyhjXyKjvf"}],"key":"NRmJXSQZRk"}],"key":"d4KN9SxaN0"}],"key":"d3CJLXhN7h"},{"type":"container","kind":"figure","children":[{"type":"image","url":"/system-9cc73f75d559ecf36e2a734e3ba088bb.png","alt":"Éléments fondamentaux d’un modèle de système de communication point à point","align":"center","data":{"altTextIsAutoGenerated":true},"key":"W5xBxpLlXq","urlSource":"images/system.png","urlOptimized":"/system-9cc73f75d559ecf36e2a734e3ba088bb.webp"},{"type":"caption","children":[{"type":"paragraph","position":{"start":{"line":46,"column":1},"end":{"line":46,"column":1}},"children":[{"type":"captionNumber","kind":"figure","label":"system1","identifier":"system1","html_id":"system1","enumerator":"1","children":[{"type":"text","value":"Figure ","key":"K8fDCvfYSx"},{"type":"text","value":"1","key":"K9YLPL5eUo"},{"type":"text","value":":","key":"IVsnp0sXzk"}],"template":"Figure %s:","key":"zURBewOv80"},{"type":"text","value":"Éléments fondamentaux d’un modèle de système de communication point à point","position":{"start":{"line":46,"column":1},"end":{"line":46,"column":1}},"key":"TcSbDF6Ael"}],"key":"bO6xkmN9ef"}],"key":"PHjsuD7JmU"}],"label":"system1","identifier":"system1","enumerator":"1","html_id":"system1","key":"DPwz46GxKy"},{"type":"paragraph","position":{"start":{"line":50,"column":1},"end":{"line":53,"column":1}},"children":[{"type":"text","value":"Notez que chaque élément possède des signaux d’entrée et de sortie,\ncomme l’indique la figure. Chaque élément peut être considéré comme un\nsystème distinct. Vous trouverez ci-dessous les explications détaillées\nde chaque élément.","position":{"start":{"line":50,"column":1},"end":{"line":50,"column":1}},"key":"AyW1l4W1GA"}],"key":"JcV1iSyxQP"},{"type":"admonition","kind":"warning","children":[{"type":"admonitionTitle","children":[{"type":"text","value":"Attention","position":{"start":{"line":55,"column":1},"end":{"line":55,"column":1}},"key":"RVDTdLWKzE"}],"key":"a9OujlynTa"},{"type":"paragraph","position":{"start":{"line":56,"column":1},"end":{"line":59,"column":1}},"children":[{"type":"text","value":"Dans les systèmes de communication, certains termes sont\nutilisés pour exprimer des concepts différents en fonction du contexte\n(comme le codage et la modulation). Il est important de faire les\ndistinctions en fonction de l’application particulière.","position":{"start":{"line":56,"column":1},"end":{"line":56,"column":1}},"key":"Y9nhBnP3hF"}],"key":"GkIwF74slo"}],"key":"mndKHavNTv"},{"type":"heading","depth":3,"position":{"start":{"line":62,"column":1},"end":{"line":62,"column":1}},"children":[{"type":"text","value":"Source","position":{"start":{"line":62,"column":1},"end":{"line":62,"column":1}},"key":"XQWb0zxIn6"}],"identifier":"source","label":"Source","html_id":"source","implicit":true,"key":"jaW0PfRAWs"},{"type":"definitionList","position":{"start":{"line":64,"column":1},"end":{"line":70,"column":1}},"children":[{"type":"definitionTerm","position":{"start":{"line":64,"column":1},"end":{"line":63,"column":1}},"children":[{"type":"text","value":"Définition: Source","position":{"start":{"line":64,"column":1},"end":{"line":64,"column":1}},"key":"NpSohU0p0q"}],"key":"Qxu2JrwAUB"},{"type":"definitionDescription","position":{"start":{"line":65,"column":1},"end":{"line":67,"column":1}},"children":[{"type":"emphasis","position":{"start":{"line":65,"column":1},"end":{"line":65,"column":1}},"children":[{"type":"text","value":"En télécommunications, une source est l’origine des\nsignaux de message à transmettre, tels que des données numériques, de\nla voix, des images ou des vidéos.","position":{"start":{"line":65,"column":1},"end":{"line":65,"column":1}},"key":"Tl9kuMXuOi"}],"key":"UHyrZwTR9s"}],"key":"eEMZaXjJBr"},{"type":"definitionDescription","position":{"start":{"line":68,"column":1},"end":{"line":68,"column":1}},"children":[{"type":"list","ordered":false,"spread":false,"position":{"start":{"line":68,"column":1},"end":{"line":68,"column":1}},"children":[{"type":"listItem","spread":true,"position":{"start":{"line":68,"column":1},"end":{"line":68,"column":1}},"children":[{"type":"strong","position":{"start":{"line":68,"column":1},"end":{"line":68,"column":1}},"children":[{"type":"text","value":"entrée :","position":{"start":{"line":68,"column":1},"end":{"line":68,"column":1}},"key":"amYHpM1tGU"}],"key":"xHMZZSbYBw"},{"type":"text","value":" Aucune","position":{"start":{"line":68,"column":1},"end":{"line":68,"column":1}},"key":"xEGkB7IB7d"}],"key":"SV144ArieL"}],"key":"wRClmMVLec"}],"key":"EnW619Mo6u"},{"type":"definitionDescription","position":{"start":{"line":69,"column":1},"end":{"line":70,"column":1}},"children":[{"type":"list","ordered":false,"spread":false,"position":{"start":{"line":69,"column":1},"end":{"line":70,"column":1}},"children":[{"type":"listItem","spread":true,"position":{"start":{"line":69,"column":1},"end":{"line":70,"column":1}},"children":[{"type":"strong","position":{"start":{"line":69,"column":1},"end":{"line":69,"column":1}},"children":[{"type":"text","value":"sortie :","position":{"start":{"line":69,"column":1},"end":{"line":69,"column":1}},"key":"OPML4KEKEv"}],"key":"pwamK8mZUg"},{"type":"text","value":" Signal de message","position":{"start":{"line":69,"column":1},"end":{"line":69,"column":1}},"key":"cqbj5il7CM"}],"key":"snZdqVU4xY"}],"key":"mxsx3cUzDi"}],"key":"PauoggTtuK"}],"label":"def-source","identifier":"def-source","html_id":"def-source","key":"ysRs7lLAxA"},{"type":"paragraph","position":{"start":{"line":71,"column":1},"end":{"line":77,"column":1}},"children":[{"type":"text","value":"La nature de ces signaux détermine leur traitement initial. Le signal de\nmessage à la sortie de la source peut être analogique ou numérique. Une\n","position":{"start":{"line":71,"column":1},"end":{"line":71,"column":1}},"key":"FoDoT0bADM"},{"type":"strong","position":{"start":{"line":71,"column":1},"end":{"line":71,"column":1}},"children":[{"type":"text","value":"source continue","position":{"start":{"line":71,"column":1},"end":{"line":71,"column":1}},"key":"FSooCx4JaU"}],"key":"WoSeqxf57F"},{"type":"text","value":" (","position":{"start":{"line":71,"column":1},"end":{"line":71,"column":1}},"key":"UROgppNC5h"},{"type":"emphasis","position":{"start":{"line":71,"column":1},"end":{"line":71,"column":1}},"children":[{"type":"text","value":"continous source","position":{"start":{"line":71,"column":1},"end":{"line":71,"column":1}},"key":"vEPlXmvROV"}],"key":"DdBN7RCMRF"},{"type":"text","value":") génère des signaux de messages\nanalogiques, c’est-à-dire que le signal à la sortie prend des valeurs\ncontinues en amplitude et dans le temps. Une ","position":{"start":{"line":71,"column":1},"end":{"line":71,"column":1}},"key":"lRQR2tyBOH"},{"type":"strong","position":{"start":{"line":71,"column":1},"end":{"line":71,"column":1}},"children":[{"type":"text","value":"source discrète","position":{"start":{"line":71,"column":1},"end":{"line":71,"column":1}},"key":"hjzN1NaK5N"}],"key":"ohyGdL2jWK"},{"type":"text","value":"\n(","position":{"start":{"line":71,"column":1},"end":{"line":71,"column":1}},"key":"K6EdA7cmrD"},{"type":"emphasis","position":{"start":{"line":71,"column":1},"end":{"line":71,"column":1}},"children":[{"type":"text","value":"discrete source","position":{"start":{"line":71,"column":1},"end":{"line":71,"column":1}},"key":"ypEsZIVQrd"}],"key":"ykgOYh9Yc7"},{"type":"text","value":") génère des signaux numériques, qui prend des valeurs\ncontinues en amplitude et est discrète dans le temps.","position":{"start":{"line":71,"column":1},"end":{"line":71,"column":1}},"key":"zuoCFLxmjx"}],"key":"V9LIN9LpeS"},{"type":"heading","depth":3,"position":{"start":{"line":81,"column":1},"end":{"line":81,"column":1}},"children":[{"type":"text","value":"Exemple d’une source continue :","position":{"start":{"line":81,"column":1},"end":{"line":81,"column":1}},"key":"tTUd6BD0vx"}],"identifier":"exemple-dune-source-continue","label":"Exemple d’une source continue :","html_id":"exemple-dune-source-continue","implicit":true,"key":"VDP7Wz2k7J"},{"type":"list","ordered":false,"spread":false,"position":{"start":{"line":82,"column":1},"end":{"line":84,"column":1}},"children":[{"type":"listItem","spread":true,"position":{"start":{"line":82,"column":1},"end":{"line":84,"column":1}},"children":[{"type":"strong","position":{"start":{"line":82,"column":1},"end":{"line":82,"column":1}},"children":[{"type":"text","value":"Voix humaine","position":{"start":{"line":82,"column":1},"end":{"line":82,"column":1}},"key":"H6suXwoGkz"}],"key":"Ez0rsfAbJn"},{"type":"text","value":" :","position":{"start":{"line":82,"column":1},"end":{"line":82,"column":1}},"key":"tdCjV6YMNf"}],"key":"jlLQEHHffs"}],"key":"zYj7U0xu3A"},{"type":"admonition","kind":"important","children":[{"type":"admonitionTitle","children":[{"type":"text","value":"Exemple pratique","position":{"start":{"line":85,"column":1},"end":{"line":85,"column":1}},"key":"F9lQMHLoGw"}],"key":"BQqiGJVSwQ"},{"type":"list","ordered":false,"spread":false,"position":{"start":{"line":86,"column":1},"end":{"line":88,"column":1}},"children":[{"type":"listItem","spread":true,"position":{"start":{"line":86,"column":1},"end":{"line":87,"column":1}},"children":[{"type":"paragraph","position":{"start":{"line":86,"column":1},"end":{"line":86,"column":1}},"children":[{"type":"strong","position":{"start":{"line":86,"column":1},"end":{"line":86,"column":1}},"children":[{"type":"text","value":"Source continue","position":{"start":{"line":86,"column":1},"end":{"line":86,"column":1}},"key":"jAZEu1I5lW"}],"key":"YuhnJYpj8b"},{"type":"text","value":" : Lorsque nous parlons, les vibrations des cordes vocales et les mouvements des lèvres produisent des ondes sonores analogiques, qui varient de manière continue en amplitude et en temps.","position":{"start":{"line":86,"column":1},"end":{"line":86,"column":1}},"key":"OACsRK1mlv"}],"key":"Q8wGcF3T7u"}],"key":"TeFRe6Rgp9"},{"type":"listItem","spread":true,"position":{"start":{"line":88,"column":1},"end":{"line":88,"column":1}},"children":[{"type":"paragraph","position":{"start":{"line":88,"column":1},"end":{"line":88,"column":1}},"children":[{"type":"strong","position":{"start":{"line":88,"column":1},"end":{"line":88,"column":1}},"children":[{"type":"text","value":"Source discrète","position":{"start":{"line":88,"column":1},"end":{"line":88,"column":1}},"key":"zHa0w5sy10"}],"key":"u7MYdZAcHE"},{"type":"text","value":" : Un microphone convertit la voix en un signal électrique continu, mais un enregistreur numérique effectue un ","position":{"start":{"line":88,"column":1},"end":{"line":88,"column":1}},"key":"Lj8TSqbJ9J"},{"type":"strong","position":{"start":{"line":88,"column":1},"end":{"line":88,"column":1}},"children":[{"type":"text","value":"échantillonnage","position":{"start":{"line":88,"column":1},"end":{"line":88,"column":1}},"key":"pk85igLY5u"}],"key":"NfzJZbMe0K"},{"type":"text","value":" (prélève des valeurs à intervalles réguliers, par exemple 44 100 Hz pour un CD audio) et une ","position":{"start":{"line":88,"column":1},"end":{"line":88,"column":1}},"key":"ZYiUgAdcRy"},{"type":"strong","position":{"start":{"line":88,"column":1},"end":{"line":88,"column":1}},"children":[{"type":"text","value":"quantification","position":{"start":{"line":88,"column":1},"end":{"line":88,"column":1}},"key":"CRXAmJ8WVW"}],"key":"I27xbtv99l"},{"type":"text","value":" (arrondis les amplitudes à des valeurs discrètes). Le signal devient une séquence de nombres discrets pouvant être stockée ou traitée par un ordinateur.","position":{"start":{"line":88,"column":1},"end":{"line":88,"column":1}},"key":"c4Qpav3gxK"}],"key":"Ercl35svyt"}],"key":"Iw8YMQR1LW"}],"key":"UgIkNDtrxF"}],"key":"fKKDWg2xhg"},{"type":"heading","depth":3,"position":{"start":{"line":91,"column":1},"end":{"line":91,"column":1}},"children":[{"type":"text","value":"Émetteur (","position":{"start":{"line":91,"column":1},"end":{"line":91,"column":1}},"key":"rP5ZK7uNy5"},{"type":"emphasis","position":{"start":{"line":91,"column":1},"end":{"line":91,"column":1}},"children":[{"type":"text","value":"Transmitter","position":{"start":{"line":91,"column":1},"end":{"line":91,"column":1}},"key":"us4BxKMKun"}],"key":"T39tg5NkNe"},{"type":"text","value":")","position":{"start":{"line":91,"column":1},"end":{"line":91,"column":1}},"key":"KzfjH26X3o"}],"identifier":"id-metteur-transmitter","label":"Émetteur (Transmitter)","html_id":"id-metteur-transmitter","implicit":true,"key":"rIjPaulAAN"},{"type":"definitionList","position":{"start":{"line":93,"column":1},"end":{"line":97,"column":1}},"children":[{"type":"definitionTerm","position":{"start":{"line":93,"column":1},"end":{"line":92,"column":1}},"children":[{"type":"text","value":"Définition: Émetteur","position":{"start":{"line":93,"column":1},"end":{"line":93,"column":1}},"key":"vqQr6KIn0M"}],"key":"cY4CRgZC2w"},{"type":"definitionDescription","position":{"start":{"line":94,"column":1},"end":{"line":94,"column":1}},"children":[{"type":"emphasis","position":{"start":{"line":94,"column":1},"end":{"line":94,"column":1}},"children":[{"type":"text","value":"L’émetteur est un composant essentiel qui prépare les données de la source pour les transmettre via un canal. Selon la nature des signaux de message et le type de communication, un émetteur peut être classé en deux types principaux; ","position":{"start":{"line":94,"column":1},"end":{"line":94,"column":1}},"key":"bpdOzsvzVw"},{"type":"strong","position":{"start":{"line":94,"column":1},"end":{"line":94,"column":1}},"children":[{"type":"text","value":"communications analogiques","position":{"start":{"line":94,"column":1},"end":{"line":94,"column":1}},"key":"S3uxwF7Jfk"}],"key":"NJypb9Kcl3"},{"type":"text","value":" et ","position":{"start":{"line":94,"column":1},"end":{"line":94,"column":1}},"key":"MOJBa1Ou8S"},{"type":"strong","position":{"start":{"line":94,"column":1},"end":{"line":94,"column":1}},"children":[{"type":"text","value":"communications numériques","position":{"start":{"line":94,"column":1},"end":{"line":94,"column":1}},"key":"kcGxckna5E"}],"key":"jbkatxp9FH"},{"type":"text","value":".","position":{"start":{"line":94,"column":1},"end":{"line":94,"column":1}},"key":"S84HTD0ht2"}],"key":"Y7OGArGXJ4"}],"key":"zyleTQL2Fj"},{"type":"definitionDescription","position":{"start":{"line":95,"column":1},"end":{"line":95,"column":1}},"children":[{"type":"list","ordered":false,"spread":false,"position":{"start":{"line":95,"column":1},"end":{"line":95,"column":1}},"children":[{"type":"listItem","spread":true,"position":{"start":{"line":95,"column":1},"end":{"line":95,"column":1}},"children":[{"type":"strong","position":{"start":{"line":95,"column":1},"end":{"line":95,"column":1}},"children":[{"type":"text","value":"entrée :","position":{"start":{"line":95,"column":1},"end":{"line":95,"column":1}},"key":"N9WkAnJpqM"}],"key":"DE3iaV3vfM"},{"type":"text","value":" Signal de message","position":{"start":{"line":95,"column":1},"end":{"line":95,"column":1}},"key":"J9w6lNlN7s"}],"key":"XiEcrOCRq2"}],"key":"p7Dby78NgH"}],"key":"VidBhi85Ov"},{"type":"definitionDescription","position":{"start":{"line":96,"column":1},"end":{"line":97,"column":1}},"children":[{"type":"list","ordered":false,"spread":false,"position":{"start":{"line":96,"column":1},"end":{"line":97,"column":1}},"children":[{"type":"listItem","spread":true,"position":{"start":{"line":96,"column":1},"end":{"line":97,"column":1}},"children":[{"type":"strong","position":{"start":{"line":96,"column":1},"end":{"line":96,"column":1}},"children":[{"type":"text","value":"sortie :","position":{"start":{"line":96,"column":1},"end":{"line":96,"column":1}},"key":"oZFO05uMsc"}],"key":"hOBIIiQc0z"},{"type":"text","value":" Signal émis","position":{"start":{"line":96,"column":1},"end":{"line":96,"column":1}},"key":"q44rPfKLfN"}],"key":"h5p5Iap1E2"}],"key":"ibmzDK83vX"}],"key":"TCMVfeWkTU"}],"label":"def-tx","identifier":"def-tx","html_id":"def-tx","key":"Tjw1SBBJzd"},{"type":"definitionList","position":{"start":{"line":99,"column":1},"end":{"line":106,"column":1}},"children":[{"type":"definitionTerm","position":{"start":{"line":99,"column":1},"end":{"line":98,"column":1}},"children":[{"type":"text","value":"Définition: Émetteur pour communications analogiques","position":{"start":{"line":99,"column":1},"end":{"line":99,"column":1}},"key":"KHOHWBuHYC"}],"key":"ii5IXDIbzy"},{"type":"definitionDescription","position":{"start":{"line":100,"column":1},"end":{"line":103,"column":1}},"children":[{"type":"emphasis","position":{"start":{"line":100,"column":1},"end":{"line":100,"column":1}},"children":[{"type":"text","value":"Un ","position":{"start":{"line":100,"column":1},"end":{"line":100,"column":1}},"key":"LehPWAsmO3"},{"type":"strong","position":{"start":{"line":100,"column":1},"end":{"line":100,"column":1}},"children":[{"type":"text","value":"émetteur pour communications analogiques","position":{"start":{"line":100,"column":1},"end":{"line":100,"column":1}},"key":"FjtLajekC2"}],"key":"FfQThnkFzK"},{"type":"text","value":" traite des signaux continus,\ntels que des signaux électriques, acoustiques ou lumineux, qui varient de manière continue dans le temps et l’amplitude. La fonction fondamentale est\n","position":{"start":{"line":100,"column":1},"end":{"line":100,"column":1}},"key":"RpvIa2UiiQ"},{"type":"strong","position":{"start":{"line":100,"column":1},"end":{"line":100,"column":1}},"children":[{"type":"text","value":"modulation analogique","position":{"start":{"line":100,"column":1},"end":{"line":100,"column":1}},"key":"Ptp3QzZ7tA"}],"key":"zK0DbiSvb5"},{"type":"text","value":".\nAvec modulations les signaux générés  par une source analogique (par exemple, un microphone) sont convertis en signaux modulés analogiques pour être transmis.","position":{"start":{"line":100,"column":1},"end":{"line":100,"column":1}},"key":"utpcngwdSC"}],"key":"g513ZUet6z"}],"key":"uiUlnWJmtO"},{"type":"definitionDescription","position":{"start":{"line":104,"column":1},"end":{"line":104,"column":1}},"children":[{"type":"list","ordered":false,"spread":false,"position":{"start":{"line":104,"column":1},"end":{"line":104,"column":1}},"children":[{"type":"listItem","spread":true,"position":{"start":{"line":104,"column":1},"end":{"line":104,"column":1}},"children":[{"type":"strong","position":{"start":{"line":104,"column":1},"end":{"line":104,"column":1}},"children":[{"type":"text","value":"entrée :","position":{"start":{"line":104,"column":1},"end":{"line":104,"column":1}},"key":"P0U7WDYtPS"}],"key":"aji6tFETUX"},{"type":"text","value":" Signal de message (analogique)","position":{"start":{"line":104,"column":1},"end":{"line":104,"column":1}},"key":"jVb3VkwKbl"}],"key":"QZ4ruCuXgR"}],"key":"kvYPiKfXd4"}],"key":"eP4oNwysPy"},{"type":"definitionDescription","position":{"start":{"line":105,"column":1},"end":{"line":106,"column":1}},"children":[{"type":"list","ordered":false,"spread":false,"position":{"start":{"line":105,"column":1},"end":{"line":106,"column":1}},"children":[{"type":"listItem","spread":true,"position":{"start":{"line":105,"column":1},"end":{"line":106,"column":1}},"children":[{"type":"strong","position":{"start":{"line":105,"column":1},"end":{"line":105,"column":1}},"children":[{"type":"text","value":"sortie :","position":{"start":{"line":105,"column":1},"end":{"line":105,"column":1}},"key":"KSG5DTqiGu"}],"key":"eFrXhfakz1"},{"type":"text","value":" Signal émis (analogique)","position":{"start":{"line":105,"column":1},"end":{"line":105,"column":1}},"key":"Cj8HbpONHm"}],"key":"NSrlULXINJ"}],"key":"TpRKQVbGw9"}],"key":"l72HGoQUgx"}],"label":"def-tx-a","identifier":"def-tx-a","html_id":"def-tx-a","key":"Wg516LYEQZ"},{"type":"definitionList","position":{"start":{"line":108,"column":1},"end":{"line":118,"column":1}},"children":[{"type":"definitionTerm","position":{"start":{"line":108,"column":1},"end":{"line":107,"column":1}},"children":[{"type":"text","value":"Définition: Émetteur pour communications numériques","position":{"start":{"line":108,"column":1},"end":{"line":108,"column":1}},"key":"AWtFLnaiMP"}],"key":"D0TsE0IRF9"},{"type":"definitionDescription","position":{"start":{"line":109,"column":1},"end":{"line":115,"column":1}},"children":[{"type":"emphasis","position":{"start":{"line":109,"column":1},"end":{"line":109,"column":1}},"children":[{"type":"text","value":"Un émetteur pour communications numériques traite des signaux discrets\noù les données sont codées sous forme de bits (0 et 1). Ces bits sont\nensuite modifiés pour être adaptés à la transmission. Les fonctions sont\nle ","position":{"start":{"line":109,"column":1},"end":{"line":109,"column":1}},"key":"BfJPis3d5i"},{"type":"strong","position":{"start":{"line":109,"column":1},"end":{"line":109,"column":1}},"children":[{"type":"text","value":"codage de source","position":{"start":{"line":109,"column":1},"end":{"line":109,"column":1}},"key":"sITzuvG8dP"}],"key":"WMNVZyzchl"},{"type":"text","value":" (pour la compréhension), le ","position":{"start":{"line":109,"column":1},"end":{"line":109,"column":1}},"key":"fwf3ehETjq"},{"type":"strong","position":{"start":{"line":109,"column":1},"end":{"line":109,"column":1}},"children":[{"type":"text","value":"codage de canal","position":{"start":{"line":109,"column":1},"end":{"line":109,"column":1}},"key":"mmMVVOErNL"}],"key":"ZNeJB36MXH"},{"type":"text","value":"\n(pour aider à récupérer les erreurs qui seront induites par le canal) et\nla ","position":{"start":{"line":109,"column":1},"end":{"line":109,"column":1}},"key":"hfocshhzSm"},{"type":"strong","position":{"start":{"line":109,"column":1},"end":{"line":109,"column":1}},"children":[{"type":"text","value":"modulation numérique","position":{"start":{"line":109,"column":1},"end":{"line":109,"column":1}},"key":"WftkfzIcnM"}],"key":"nIVETKVJZw"},{"type":"text","value":" (pour aider à transférer les signaux sur de\nlongues distances).","position":{"start":{"line":109,"column":1},"end":{"line":109,"column":1}},"key":"f5YMlohAPl"}],"key":"peS70nAP2y"}],"key":"YCtKW3Bs9s"},{"type":"definitionDescription","position":{"start":{"line":116,"column":1},"end":{"line":116,"column":1}},"children":[{"type":"list","ordered":false,"spread":false,"position":{"start":{"line":116,"column":1},"end":{"line":116,"column":1}},"children":[{"type":"listItem","spread":true,"position":{"start":{"line":116,"column":1},"end":{"line":116,"column":1}},"children":[{"type":"strong","position":{"start":{"line":116,"column":1},"end":{"line":116,"column":1}},"children":[{"type":"text","value":"entrée :","position":{"start":{"line":116,"column":1},"end":{"line":116,"column":1}},"key":"bnMFctqMSr"}],"key":"GrqK0UI31c"},{"type":"text","value":" Signal de message (numérique)","position":{"start":{"line":116,"column":1},"end":{"line":116,"column":1}},"key":"iwO1hyZswS"}],"key":"ZNQzRYl3uR"}],"key":"LChSpj30pf"}],"key":"xs4QfX6YE8"},{"type":"definitionDescription","position":{"start":{"line":117,"column":1},"end":{"line":118,"column":1}},"children":[{"type":"list","ordered":false,"spread":false,"position":{"start":{"line":117,"column":1},"end":{"line":118,"column":1}},"children":[{"type":"listItem","spread":true,"position":{"start":{"line":117,"column":1},"end":{"line":118,"column":1}},"children":[{"type":"strong","position":{"start":{"line":117,"column":1},"end":{"line":117,"column":1}},"children":[{"type":"text","value":"sortie :","position":{"start":{"line":117,"column":1},"end":{"line":117,"column":1}},"key":"Xqs62Hh8Vz"}],"key":"cLL5yOkDFw"},{"type":"text","value":" Signal émis (numérique)","position":{"start":{"line":117,"column":1},"end":{"line":117,"column":1}},"key":"xU7vZZAJw8"}],"key":"DTL06AwwR0"}],"key":"uFKf7ISMMZ"}],"key":"oFeOmLwZ7p"}],"label":"def-tx-d","identifier":"def-tx-d","html_id":"def-tx-d","key":"xlzfbnw6tf"},{"type":"definitionList","position":{"start":{"line":120,"column":1},"end":{"line":126,"column":1}},"children":[{"type":"definitionTerm","position":{"start":{"line":120,"column":1},"end":{"line":119,"column":1}},"children":[{"type":"text","value":"Définition: Codage de source","position":{"start":{"line":120,"column":1},"end":{"line":120,"column":1}},"key":"cxbj3G0qSY"}],"key":"H4V9DEgpXU"},{"type":"definitionDescription","position":{"start":{"line":121,"column":1},"end":{"line":124,"column":1}},"children":[{"type":"emphasis","position":{"start":{"line":121,"column":1},"end":{"line":121,"column":1}},"children":[{"type":"text","value":"Le ","position":{"start":{"line":121,"column":1},"end":{"line":121,"column":1}},"key":"FliciqKFtr"},{"type":"strong","position":{"start":{"line":121,"column":1},"end":{"line":121,"column":1}},"children":[{"type":"text","value":"codage de source","position":{"start":{"line":121,"column":1},"end":{"line":121,"column":1}},"key":"Du4BMMt2FR"}],"key":"dZmfZTL976"},{"type":"text","value":" (","position":{"start":{"line":121,"column":1},"end":{"line":121,"column":1}},"key":"QFZbPjcfdj"},{"type":"emphasis","position":{"start":{"line":121,"column":1},"end":{"line":121,"column":1}},"children":[{"type":"text","value":"source coding","position":{"start":{"line":121,"column":1},"end":{"line":121,"column":1}},"key":"tDbmSoegHu"}],"key":"yWxNwpB219"},{"type":"text","value":") est utilisé\npour compresser les données dans le plus petit nombre de bits. Elle\nsupprime les bits inutiles. L’objectif est d’utiliser un nombre réduit\nde bits pour représenter le même message.","position":{"start":{"line":121,"column":1},"end":{"line":121,"column":1}},"key":"TaOaHf0VxG"}],"key":"qpdxQAG3dO"}],"key":"la8JKqfwR2"},{"type":"definitionDescription","position":{"start":{"line":125,"column":1},"end":{"line":125,"column":1}},"children":[{"type":"list","ordered":false,"spread":false,"position":{"start":{"line":125,"column":1},"end":{"line":125,"column":1}},"children":[{"type":"listItem","spread":true,"position":{"start":{"line":125,"column":1},"end":{"line":125,"column":1}},"children":[{"type":"strong","position":{"start":{"line":125,"column":1},"end":{"line":125,"column":1}},"children":[{"type":"text","value":"entrée :","position":{"start":{"line":125,"column":1},"end":{"line":125,"column":1}},"key":"xccVOY5dgU"}],"key":"NjOx0F7hJk"},{"type":"text","value":" Signal de message (numériques, binaires)","position":{"start":{"line":125,"column":1},"end":{"line":125,"column":1}},"key":"aZmrnOOfXj"}],"key":"PtHSeISsZv"}],"key":"N7REWkIm2a"}],"key":"p8AjDjNazj"},{"type":"definitionDescription","position":{"start":{"line":126,"column":1},"end":{"line":126,"column":1}},"children":[{"type":"list","ordered":false,"spread":false,"position":{"start":{"line":126,"column":1},"end":{"line":126,"column":1}},"children":[{"type":"listItem","spread":true,"position":{"start":{"line":126,"column":1},"end":{"line":126,"column":1}},"children":[{"type":"strong","position":{"start":{"line":126,"column":1},"end":{"line":126,"column":1}},"children":[{"type":"text","value":"sortie :","position":{"start":{"line":126,"column":1},"end":{"line":126,"column":1}},"key":"YvLfkR6kfR"}],"key":"aTCmr2aYuY"},{"type":"text","value":" Signal de message compressé (numériques, binaires)","position":{"start":{"line":126,"column":1},"end":{"line":126,"column":1}},"key":"o9ITrkbfqI"}],"key":"ff9RaE30Id"}],"key":"GjexmjDIVa"}],"key":"VSJjBpQcfY"}],"label":"def-source-coder","identifier":"def-source-coder","html_id":"def-source-coder","key":"PQTLlwXIe8"},{"type":"admonition","kind":"warning","children":[{"type":"admonitionTitle","children":[{"type":"text","value":"Attention","position":{"start":{"line":127,"column":1},"end":{"line":127,"column":1}},"key":"IOEKfinSyC"}],"key":"rMsnpX1UnV"},{"type":"paragraph","position":{"start":{"line":128,"column":1},"end":{"line":129,"column":1}},"children":[{"type":"text","value":"Au cours de notre discussion, l’entrée et la\nsortie du codeur de source sont binaires.","position":{"start":{"line":128,"column":1},"end":{"line":128,"column":1}},"key":"cP5THxDZgN"}],"key":"FZRoxrn3sv"}],"key":"BkvsoJ26Q4"},{"type":"definitionList","position":{"start":{"line":133,"column":1},"end":{"line":142,"column":1}},"children":[{"type":"definitionTerm","position":{"start":{"line":133,"column":1},"end":{"line":132,"column":1}},"children":[{"type":"text","value":"Définition: Code de canal","position":{"start":{"line":133,"column":1},"end":{"line":133,"column":1}},"key":"oKQJlvCZdK"}],"key":"FN2Pyn8PJo"},{"type":"definitionDescription","position":{"start":{"line":134,"column":1},"end":{"line":140,"column":1}},"children":[{"type":"emphasis","position":{"start":{"line":134,"column":1},"end":{"line":134,"column":1}},"children":[{"type":"text","value":"Le ","position":{"start":{"line":134,"column":1},"end":{"line":134,"column":1}},"key":"kmKlx1FJAH"},{"type":"strong","position":{"start":{"line":134,"column":1},"end":{"line":134,"column":1}},"children":[{"type":"text","value":"codage de canal","position":{"start":{"line":134,"column":1},"end":{"line":134,"column":1}},"key":"Fng0OgfwXj"}],"key":"svv4KtrqYc"},{"type":"text","value":" (","position":{"start":{"line":134,"column":1},"end":{"line":134,"column":1}},"key":"VZ2T9OK6w7"},{"type":"emphasis","position":{"start":{"line":134,"column":1},"end":{"line":134,"column":1}},"children":[{"type":"text","value":"channel coding","position":{"start":{"line":134,"column":1},"end":{"line":134,"column":1}},"key":"ZWG4Iixs2P"}],"key":"w2KJozTjRC"},{"type":"text","value":") est utilisé\npour la détection ou la correction des erreurs de bit. Dans un codeur de\ncanal, nous ajoutons des bits au signal à transmettre. Ces bits sont les\nbits de correction d’erreurs et sont inclus selon un code particulier\nqui détermine ses règles de calcul. En utilisant ces bits\nsupplémentaires, le récepteur peut être en mesure de corriger l’erreur\nde bit.","position":{"start":{"line":134,"column":1},"end":{"line":134,"column":1}},"key":"VDvJsKKD0i"}],"key":"j2mP3DKU8B"}],"key":"tCoyWSNBMY"},{"type":"definitionDescription","position":{"start":{"line":141,"column":1},"end":{"line":141,"column":1}},"children":[{"type":"list","ordered":false,"spread":false,"position":{"start":{"line":141,"column":1},"end":{"line":141,"column":1}},"children":[{"type":"listItem","spread":true,"position":{"start":{"line":141,"column":1},"end":{"line":141,"column":1}},"children":[{"type":"strong","position":{"start":{"line":141,"column":1},"end":{"line":141,"column":1}},"children":[{"type":"text","value":"entrée :","position":{"start":{"line":141,"column":1},"end":{"line":141,"column":1}},"key":"MTGp41kfVt"}],"key":"YDDqq0Mj1W"},{"type":"text","value":" Signal de message (numériques, binaires)","position":{"start":{"line":141,"column":1},"end":{"line":141,"column":1}},"key":"CqOGndEIdi"}],"key":"alsi1fNODA"}],"key":"AUtcOo3a0g"}],"key":"ziwKja5NNK"},{"type":"definitionDescription","position":{"start":{"line":142,"column":1},"end":{"line":142,"column":1}},"children":[{"type":"list","ordered":false,"spread":false,"position":{"start":{"line":142,"column":1},"end":{"line":142,"column":1}},"children":[{"type":"listItem","spread":true,"position":{"start":{"line":142,"column":1},"end":{"line":142,"column":1}},"children":[{"type":"strong","position":{"start":{"line":142,"column":1},"end":{"line":142,"column":1}},"children":[{"type":"text","value":"sortie :","position":{"start":{"line":142,"column":1},"end":{"line":142,"column":1}},"key":"rGiGKNjT9h"}],"key":"wvwZ9nhUKY"},{"type":"text","value":" Signal de message doté de parités (numériques, binaires)","position":{"start":{"line":142,"column":1},"end":{"line":142,"column":1}},"key":"x3Q8LoyXTd"}],"key":"S5xcfvm8df"}],"key":"N4o45fl99R"}],"key":"izy2nNkUnl"}],"label":"def-channel-coder","identifier":"def-channel-coder","html_id":"def-channel-coder","key":"VHlawNKTcj"},{"type":"admonition","kind":"warning","children":[{"type":"admonitionTitle","children":[{"type":"text","value":"Attention","position":{"start":{"line":143,"column":1},"end":{"line":143,"column":1}},"key":"LuYpXPDvSs"}],"key":"XdaRVGcJwn"},{"type":"paragraph","position":{"start":{"line":144,"column":1},"end":{"line":145,"column":1}},"children":[{"type":"text","value":"Au cours de notre discussion, l’entrée et la\nsortie de codeur de canal sont binaires.","position":{"start":{"line":144,"column":1},"end":{"line":144,"column":1}},"key":"v5cyqm6BLe"}],"key":"fL8dyWDdbh"}],"key":"TjOb7jMweV"},{"type":"definitionList","position":{"start":{"line":149,"column":1},"end":{"line":153,"column":1}},"children":[{"type":"definitionTerm","position":{"start":{"line":149,"column":1},"end":{"line":148,"column":1}},"children":[{"type":"text","value":"Definition: Modulation numérique","position":{"start":{"line":149,"column":1},"end":{"line":149,"column":1}},"key":"MYJ8SupXqV"}],"key":"I3mmCv1zzv"},{"type":"definitionDescription","position":{"start":{"line":150,"column":1},"end":{"line":153,"column":1}},"children":[{"type":"emphasis","position":{"start":{"line":150,"column":1},"end":{"line":150,"column":1}},"children":[{"type":"text","value":"Ensuite, les bits à la sortie du codeur de canal seront\nmodulés par le modulateur. Ce système est nommé ","position":{"start":{"line":150,"column":1},"end":{"line":150,"column":1}},"key":"gYkYOlUCWs"},{"type":"strong","position":{"start":{"line":150,"column":1},"end":{"line":150,"column":1}},"children":[{"type":"text","value":"modulation\nnumérique","position":{"start":{"line":150,"column":1},"end":{"line":150,"column":1}},"key":"D8z2mBp5T8"}],"key":"MZZNJiqCF7"},{"type":"text","value":" (digital modulation).","position":{"start":{"line":150,"column":1},"end":{"line":150,"column":1}},"key":"WNF7POpqfg"}],"key":"jc058HHXkI"}],"key":"MdlURWehWn"}],"label":"def-mod-dig","identifier":"def-mod-dig","html_id":"def-mod-dig","key":"X53EHlAPVs"},{"type":"paragraph","position":{"start":{"line":154,"column":1},"end":{"line":158,"column":1}},"children":[{"type":"text","value":"Ici, le signal à transmettre est modulé par ","position":{"start":{"line":154,"column":1},"end":{"line":154,"column":1}},"key":"tfAHYt5jDA"},{"type":"strong","position":{"start":{"line":154,"column":1},"end":{"line":154,"column":1}},"children":[{"type":"text","value":"une onde\nporteuse","position":{"start":{"line":154,"column":1},"end":{"line":154,"column":1}},"key":"x22cZxM4y5"}],"key":"xdTqXWe7vw"},{"type":"text","value":" (","position":{"start":{"line":154,"column":1},"end":{"line":154,"column":1}},"key":"zNHLrBD19W"},{"type":"emphasis","position":{"start":{"line":154,"column":1},"end":{"line":154,"column":1}},"children":[{"type":"text","value":"carrier wave, a.k.a. carrier","position":{"start":{"line":154,"column":1},"end":{"line":154,"column":1}},"key":"e8TnGEnZQ9"}],"key":"HrP1HKf0gb"},{"type":"text","value":"). Une onde porteuse est\nutilisée pour la transmission efficace de données sur de longues\ndistances. Les signaux cosinus sont utilisés comme ondes porteuses. Les ondes cosinus et sinus sont des fonctions propres de systèmes linéaires invariants dans le temps. Les messages peuvent\nêtre inclus dans l’amplitude, la phase ou la fréquence de l’onde porteuse.","position":{"start":{"line":154,"column":1},"end":{"line":154,"column":1}},"key":"DJikaQESL2"}],"key":"mIM3X4QTqq"},{"type":"paragraph","position":{"start":{"line":160,"column":1},"end":{"line":163,"column":1}},"children":[{"type":"text","value":"Si la source est discrète, nous pouvons directement utiliser un codeur\nde source. Si la source génère des signaux analogiques, il faut utiliser\nun ","position":{"start":{"line":160,"column":1},"end":{"line":160,"column":1}},"key":"twFEPYEyi3"},{"type":"strong","position":{"start":{"line":160,"column":1},"end":{"line":160,"column":1}},"children":[{"type":"text","value":"convertisseur analogique-numérique","position":{"start":{"line":160,"column":1},"end":{"line":160,"column":1}},"key":"heeJw8KYnp"}],"key":"JKSMpvbn8p"},{"type":"text","value":" (","position":{"start":{"line":160,"column":1},"end":{"line":160,"column":1}},"key":"jK4fmlKDm4"},{"type":"emphasis","position":{"start":{"line":160,"column":1},"end":{"line":160,"column":1}},"children":[{"type":"text","value":"Analog to digital\nconverter","position":{"start":{"line":160,"column":1},"end":{"line":160,"column":1}},"key":"aXAEHhEDcW"}],"key":"irFXFfyHTJ"},{"type":"text","value":"; A/N) avant d’utiliser un codeur de source.","position":{"start":{"line":160,"column":1},"end":{"line":160,"column":1}},"key":"ZBJ7t45YX2"}],"key":"sIvNJc72c7"},{"type":"definitionList","position":{"start":{"line":165,"column":1},"end":{"line":172,"column":1}},"children":[{"type":"definitionTerm","position":{"start":{"line":165,"column":1},"end":{"line":164,"column":1}},"children":[{"type":"text","value":"Définition: Convertisseur analogique-numérique","position":{"start":{"line":165,"column":1},"end":{"line":165,"column":1}},"key":"sSdRlncZqm"}],"key":"VeWwYpmOsQ"},{"type":"definitionDescription","position":{"start":{"line":166,"column":1},"end":{"line":169,"column":1}},"children":[{"type":"emphasis","position":{"start":{"line":166,"column":1},"end":{"line":166,"column":1}},"children":[{"type":"text","value":"Un A/N convertit un signal analogique continu en un signal numérique\ndiscret, pour qu’il soit traité et transmis efficacement (exemple:\nlorsqu’un son est enregistré pour un podcast, il est transformé en\nsignal numérique).","position":{"start":{"line":166,"column":1},"end":{"line":166,"column":1}},"key":"YO5axvlBcN"}],"key":"GNwa4T7fiU"}],"key":"VZd6ZP1tuC"},{"type":"definitionDescription","position":{"start":{"line":170,"column":1},"end":{"line":170,"column":1}},"children":[{"type":"list","ordered":false,"spread":false,"position":{"start":{"line":170,"column":1},"end":{"line":170,"column":1}},"children":[{"type":"listItem","spread":true,"position":{"start":{"line":170,"column":1},"end":{"line":170,"column":1}},"children":[{"type":"strong","position":{"start":{"line":170,"column":1},"end":{"line":170,"column":1}},"children":[{"type":"text","value":"entrée :","position":{"start":{"line":170,"column":1},"end":{"line":170,"column":1}},"key":"HfHdlGx4xD"}],"key":"C87ZIVl5uP"},{"type":"text","value":" Signal de message (analogique)","position":{"start":{"line":170,"column":1},"end":{"line":170,"column":1}},"key":"SNry0ng2ys"}],"key":"EJn8PkZB4h"}],"key":"tx1aN245qA"}],"key":"QQWpBsKaY4"},{"type":"definitionDescription","position":{"start":{"line":171,"column":1},"end":{"line":172,"column":1}},"children":[{"type":"list","ordered":false,"spread":false,"position":{"start":{"line":171,"column":1},"end":{"line":172,"column":1}},"children":[{"type":"listItem","spread":true,"position":{"start":{"line":171,"column":1},"end":{"line":172,"column":1}},"children":[{"type":"strong","position":{"start":{"line":171,"column":1},"end":{"line":171,"column":1}},"children":[{"type":"text","value":"sortie :","position":{"start":{"line":171,"column":1},"end":{"line":171,"column":1}},"key":"DMpxFDPwIr"}],"key":"AesCyqD5wi"},{"type":"text","value":" Signal de message (numérique)","position":{"start":{"line":171,"column":1},"end":{"line":171,"column":1}},"key":"zNx48z92po"}],"key":"oXeUv9tMvw"}],"key":"U7BkS4fuc1"}],"key":"BB8kyOGr41"}],"key":"ThydZaX71O"},{"type":"admonition","kind":"important","children":[{"type":"admonitionTitle","children":[{"type":"text","value":"Exemple pratique","position":{"start":{"line":173,"column":1},"end":{"line":173,"column":1}},"key":"UGGXmNdS9p"}],"key":"VSAhU37TtZ"},{"type":"list","ordered":false,"spread":false,"position":{"start":{"line":174,"column":1},"end":{"line":182,"column":1}},"children":[{"type":"listItem","spread":true,"position":{"start":{"line":174,"column":1},"end":{"line":178,"column":1}},"children":[{"type":"paragraph","position":{"start":{"line":174,"column":1},"end":{"line":174,"column":1}},"children":[{"type":"text","value":"Émetteur pour communications analogiques","position":{"start":{"line":174,"column":1},"end":{"line":174,"column":1}},"key":"LCQqKlltKR"}],"key":"hF1XCvJiH3"},{"type":"list","ordered":false,"spread":false,"position":{"start":{"line":175,"column":1},"end":{"line":178,"column":1}},"children":[{"type":"listItem","spread":true,"position":{"start":{"line":175,"column":1},"end":{"line":175,"column":1}},"children":[{"type":"text","value":"Radio analogique (AM, FM).","position":{"start":{"line":175,"column":1},"end":{"line":175,"column":1}},"key":"MHWQ6RgLXO"}],"key":"Ry1mFVIYms"},{"type":"listItem","spread":true,"position":{"start":{"line":176,"column":1},"end":{"line":176,"column":1}},"children":[{"type":"text","value":"Télévision analogique.","position":{"start":{"line":176,"column":1},"end":{"line":176,"column":1}},"key":"fBbiPXokjP"}],"key":"bMX4mxJhX0"},{"type":"listItem","spread":true,"position":{"start":{"line":177,"column":1},"end":{"line":178,"column":1}},"children":[{"type":"text","value":"Téléphonie fixe classique (PSTN).","position":{"start":{"line":177,"column":1},"end":{"line":177,"column":1}},"key":"b9kg3m4YMz"}],"key":"rPNWxqp3Y2"}],"key":"lLYszFHHFo"}],"key":"rcBEj4Q0qk"},{"type":"listItem","spread":true,"position":{"start":{"line":179,"column":1},"end":{"line":182,"column":1}},"children":[{"type":"paragraph","position":{"start":{"line":179,"column":1},"end":{"line":179,"column":1}},"children":[{"type":"text","value":"Émetteur pour communications numériques:","position":{"start":{"line":179,"column":1},"end":{"line":179,"column":1}},"key":"CI8SxREu3T"}],"key":"jLxjCqbSuj"},{"type":"list","ordered":false,"spread":false,"position":{"start":{"line":180,"column":1},"end":{"line":182,"column":1}},"children":[{"type":"listItem","spread":true,"position":{"start":{"line":180,"column":1},"end":{"line":180,"column":1}},"children":[{"type":"text","value":"Téléphonie mobile (4G, 5G).","position":{"start":{"line":180,"column":1},"end":{"line":180,"column":1}},"key":"hc52QdarQ7"}],"key":"jL9chmz6Yg"},{"type":"listItem","spread":true,"position":{"start":{"line":181,"column":1},"end":{"line":181,"column":1}},"children":[{"type":"text","value":"Wi-Fi, Bluetooth.","position":{"start":{"line":181,"column":1},"end":{"line":181,"column":1}},"key":"U8bonDmZDy"}],"key":"s3C0NTD6tP"},{"type":"listItem","spread":true,"position":{"start":{"line":182,"column":1},"end":{"line":182,"column":1}},"children":[{"type":"text","value":"Télévision numérique (DVB-T).","position":{"start":{"line":182,"column":1},"end":{"line":182,"column":1}},"key":"bojFm3B1NM"}],"key":"Mr8J8DzQfl"}],"key":"TuZ6IphvVx"}],"key":"tihHWzh1Je"}],"key":"TBRJ3GYNVE"}],"key":"aF71gegzt0"},{"type":"heading","depth":3,"position":{"start":{"line":185,"column":1},"end":{"line":185,"column":1}},"children":[{"type":"text","value":"Multiplexeur (","position":{"start":{"line":185,"column":1},"end":{"line":185,"column":1}},"key":"rrjJpo2l3o"},{"type":"emphasis","position":{"start":{"line":185,"column":1},"end":{"line":185,"column":1}},"children":[{"type":"text","value":"Multiplexer","position":{"start":{"line":185,"column":1},"end":{"line":185,"column":1}},"key":"SN5JJ9McaR"}],"key":"tDF23Ar85f"},{"type":"text","value":")","position":{"start":{"line":185,"column":1},"end":{"line":185,"column":1}},"key":"Kxd5LdEk2I"}],"identifier":"multiplexeur-multiplexer","label":"Multiplexeur (Multiplexer)","html_id":"multiplexeur-multiplexer","implicit":true,"key":"JVpMDQJZlM"},{"type":"definitionList","position":{"start":{"line":186,"column":1},"end":{"line":192,"column":1}},"children":[{"type":"definitionTerm","position":{"start":{"line":186,"column":1},"end":{"line":185,"column":1}},"children":[{"type":"text","value":"Définition: Multiplexeur","position":{"start":{"line":186,"column":1},"end":{"line":186,"column":1}},"key":"e8mnB811LJ"}],"key":"fuRvBFaGQU"},{"type":"definitionDescription","position":{"start":{"line":187,"column":1},"end":{"line":190,"column":1}},"children":[{"type":"emphasis","position":{"start":{"line":187,"column":1},"end":{"line":187,"column":1}},"children":[{"type":"text","value":"Le ","position":{"start":{"line":187,"column":1},"end":{"line":187,"column":1}},"key":"s7UzJUPhkN"},{"type":"strong","position":{"start":{"line":187,"column":1},"end":{"line":187,"column":1}},"children":[{"type":"text","value":"multiplexeur","position":{"start":{"line":187,"column":1},"end":{"line":187,"column":1}},"key":"S2GDMZkSIx"}],"key":"SJF4Ka4BLr"},{"type":"text","value":" (MUX) permet de combiner les signaux de\nplusieurs utilisateurs en un seul signal pour une transmission efficace sur un\ncanal commun. Il joue un rôle crucial dans l’optimisation de l’utilisation des\nressources","position":{"start":{"line":187,"column":1},"end":{"line":187,"column":1}},"key":"WQUf699dEZ"}],"key":"PIOGfAt8jj"}],"key":"aQeHLvlOUY"},{"type":"definitionDescription","position":{"start":{"line":191,"column":1},"end":{"line":191,"column":1}},"children":[{"type":"list","ordered":false,"spread":false,"position":{"start":{"line":191,"column":1},"end":{"line":191,"column":1}},"children":[{"type":"listItem","spread":true,"position":{"start":{"line":191,"column":1},"end":{"line":191,"column":1}},"children":[{"type":"text","value":"entrée : Signaux émis de plusieurs utilisateurs","position":{"start":{"line":191,"column":1},"end":{"line":191,"column":1}},"key":"UlU2DuWZsl"}],"key":"MNFEUJtNHo"}],"key":"myQLULieeZ"}],"key":"a1oQRpFM3W"},{"type":"definitionDescription","position":{"start":{"line":192,"column":1},"end":{"line":192,"column":1}},"children":[{"type":"list","ordered":false,"spread":false,"position":{"start":{"line":192,"column":1},"end":{"line":192,"column":1}},"children":[{"type":"listItem","spread":true,"position":{"start":{"line":192,"column":1},"end":{"line":192,"column":1}},"children":[{"type":"text","value":"sortie : Un seul signal émis (combiné)","position":{"start":{"line":192,"column":1},"end":{"line":192,"column":1}},"key":"ri0YyPAVMg"}],"key":"RaURXEnhTr"}],"key":"qLSTRTirMs"}],"key":"Y9fF4y68xl"}],"key":"s8okIzZ13D"},{"type":"admonition","kind":"important","children":[{"type":"admonitionTitle","children":[{"type":"text","value":"Exemple pratique","position":{"start":{"line":193,"column":1},"end":{"line":193,"column":1}},"key":"WnWCEJnsmw"}],"key":"RxK5Rk2qIc"},{"type":"list","ordered":false,"spread":false,"position":{"start":{"line":194,"column":1},"end":{"line":199,"column":1}},"children":[{"type":"listItem","spread":true,"position":{"start":{"line":194,"column":1},"end":{"line":195,"column":1}},"children":[{"type":"text","value":"Communications par fibre optique utilisant le multiplexage en\nlongueur d’onde (WDM; Wavelength Division Multiplexing).","position":{"start":{"line":194,"column":1},"end":{"line":194,"column":1}},"key":"DVT9TPcHum"}],"key":"SQnMs4cUBN"},{"type":"listItem","spread":true,"position":{"start":{"line":196,"column":1},"end":{"line":199,"column":1}},"children":[{"type":"text","value":"Les réseaux sans fil (Wi-Fi, 4G/5G) et les transmissions\nnumériques (DVB, DAB) utilisent multiplexage par division de\nfréquence orthogonale (OFDM; Orthogonal Frequency Division\nMultiplexing)","position":{"start":{"line":196,"column":1},"end":{"line":196,"column":1}},"key":"v4mwRETTDT"}],"key":"TYEaGYJbMC"}],"key":"X999jf5EPY"}],"key":"WwCh6Djs4x"},{"type":"heading","depth":3,"position":{"start":{"line":202,"column":1},"end":{"line":202,"column":1}},"children":[{"type":"text","value":"Canal (","position":{"start":{"line":202,"column":1},"end":{"line":202,"column":1}},"key":"QQ2j8yijY3"},{"type":"emphasis","position":{"start":{"line":202,"column":1},"end":{"line":202,"column":1}},"children":[{"type":"text","value":"Channel","position":{"start":{"line":202,"column":1},"end":{"line":202,"column":1}},"key":"Ofw9NIHfWa"}],"key":"R5VqJcFfmR"},{"type":"text","value":")","position":{"start":{"line":202,"column":1},"end":{"line":202,"column":1}},"key":"SdyUvaMyh2"}],"identifier":"canal-channel","label":"Canal (Channel)","html_id":"canal-channel","implicit":true,"key":"gBhYo1EV18"},{"type":"definitionList","position":{"start":{"line":204,"column":1},"end":{"line":208,"column":1}},"children":[{"type":"definitionTerm","position":{"start":{"line":204,"column":1},"end":{"line":203,"column":1}},"children":[{"type":"text","value":"Définition: Canal","position":{"start":{"line":204,"column":1},"end":{"line":204,"column":1}},"key":"z8Fx2aii2Q"}],"key":"UmT4A7wdOB"},{"type":"definitionDescription","position":{"start":{"line":205,"column":1},"end":{"line":205,"column":1}},"children":[{"type":"emphasis","position":{"start":{"line":205,"column":1},"end":{"line":205,"column":1}},"children":[{"type":"text","value":"Le ","position":{"start":{"line":205,"column":1},"end":{"line":205,"column":1}},"key":"MZCRFG3fH8"},{"type":"strong","position":{"start":{"line":205,"column":1},"end":{"line":205,"column":1}},"children":[{"type":"text","value":"canal","position":{"start":{"line":205,"column":1},"end":{"line":205,"column":1}},"key":"tfXGIJr3zn"}],"key":"assax5ahJz"},{"type":"text","value":" (channel) est le support physique par lequel le signal est transmis entre l’émetteur et le récepteur. Il peut introduire du bruit et des distorsions affectant la qualité de la transmission.","position":{"start":{"line":205,"column":1},"end":{"line":205,"column":1}},"key":"KsJKCqs6d6"}],"key":"yWsP1plxcF"}],"key":"kaBhIB47WV"},{"type":"definitionDescription","position":{"start":{"line":206,"column":1},"end":{"line":206,"column":1}},"children":[{"type":"list","ordered":false,"spread":false,"position":{"start":{"line":206,"column":1},"end":{"line":206,"column":1}},"children":[{"type":"listItem","spread":true,"position":{"start":{"line":206,"column":1},"end":{"line":206,"column":1}},"children":[{"type":"strong","position":{"start":{"line":206,"column":1},"end":{"line":206,"column":1}},"children":[{"type":"text","value":"entrée :","position":{"start":{"line":206,"column":1},"end":{"line":206,"column":1}},"key":"Kntlh6NQhN"}],"key":"jmW4mgckgt"},{"type":"text","value":" Signal émis","position":{"start":{"line":206,"column":1},"end":{"line":206,"column":1}},"key":"CwFoaJFQgo"}],"key":"iW2UwFxfAo"}],"key":"eUsk8e6tMb"}],"key":"oKu9pLmVe8"},{"type":"definitionDescription","position":{"start":{"line":207,"column":1},"end":{"line":208,"column":1}},"children":[{"type":"list","ordered":false,"spread":false,"position":{"start":{"line":207,"column":1},"end":{"line":208,"column":1}},"children":[{"type":"listItem","spread":true,"position":{"start":{"line":207,"column":1},"end":{"line":208,"column":1}},"children":[{"type":"strong","position":{"start":{"line":207,"column":1},"end":{"line":207,"column":1}},"children":[{"type":"text","value":"sortie :","position":{"start":{"line":207,"column":1},"end":{"line":207,"column":1}},"key":"KzhT2xUQVW"}],"key":"cDYpTBhplA"},{"type":"text","value":" Signal reçu","position":{"start":{"line":207,"column":1},"end":{"line":207,"column":1}},"key":"eGpGPXzvy4"}],"key":"jP3XMtg8ce"}],"key":"va76cnj8Hl"}],"key":"TtMxf87RFK"}],"key":"jCqOIv4sR4"},{"type":"admonition","kind":"important","children":[{"type":"admonitionTitle","children":[{"type":"text","value":"Exemple pratique","position":{"start":{"line":209,"column":1},"end":{"line":209,"column":1}},"key":"hHlOZ5IoZh"}],"key":"Eww6fMNsKw"},{"type":"list","ordered":false,"spread":false,"position":{"start":{"line":210,"column":1},"end":{"line":211,"column":1}},"children":[{"type":"listItem","spread":true,"position":{"start":{"line":210,"column":1},"end":{"line":210,"column":1}},"children":[{"type":"text","value":"Une fibre optique pour Internet haut débit (faible atténuation et capacité élevée).","position":{"start":{"line":210,"column":1},"end":{"line":210,"column":1}},"key":"NnalkDtx05"}],"key":"dpdvjg0J6z"},{"type":"listItem","spread":true,"position":{"start":{"line":211,"column":1},"end":{"line":211,"column":1}},"children":[{"type":"text","value":"Les ondes radio pour les communications sans fil, comme le Wi-Fi ou les réseaux cellulaires.","position":{"start":{"line":211,"column":1},"end":{"line":211,"column":1}},"key":"sUvrEDKgOH"}],"key":"KCD9DHf0kV"}],"key":"xkGxlU0nTW"}],"key":"WIFWZTePPR"},{"type":"heading","depth":3,"position":{"start":{"line":214,"column":1},"end":{"line":214,"column":1}},"children":[{"type":"text","value":"Démultiplexeur","position":{"start":{"line":214,"column":1},"end":{"line":214,"column":1}},"key":"JxgRbADGX0"}],"identifier":"d-multiplexeur","label":"Démultiplexeur","html_id":"d-multiplexeur","implicit":true,"key":"VDEXI0qhv5"},{"type":"definitionList","position":{"start":{"line":215,"column":1},"end":{"line":222,"column":1}},"children":[{"type":"definitionTerm","position":{"start":{"line":215,"column":1},"end":{"line":214,"column":1}},"children":[{"type":"text","value":"Définition: Démultiplexeur","position":{"start":{"line":215,"column":1},"end":{"line":215,"column":1}},"key":"eoEHZKEe7G"}],"key":"BVMmZh1TO1"},{"type":"definitionDescription","position":{"start":{"line":216,"column":1},"end":{"line":219,"column":1}},"children":[{"type":"emphasis","position":{"start":{"line":216,"column":1},"end":{"line":216,"column":1}},"children":[{"type":"text","value":"Le ","position":{"start":{"line":216,"column":1},"end":{"line":216,"column":1}},"key":"nHwwW9nzno"},{"type":"strong","position":{"start":{"line":216,"column":1},"end":{"line":216,"column":1}},"children":[{"type":"text","value":"démultiplexeur","position":{"start":{"line":216,"column":1},"end":{"line":216,"column":1}},"key":"GvmgsfeY2Y"}],"key":"qSegLdvqxA"},{"type":"text","value":" (DEMUX) sépare un signal combiné provenant\nde plusieurs utilisateurs en plusieurs flux individuels. Il est utilisé en complément\ndu multiplexeur pour reconstituer les signaux d’origine une fois la transmission\nterminée.","position":{"start":{"line":216,"column":1},"end":{"line":216,"column":1}},"key":"zGgpabRNdL"}],"key":"TGKsrArsSx"}],"key":"vswQ0362kf"},{"type":"definitionDescription","position":{"start":{"line":220,"column":1},"end":{"line":220,"column":1}},"children":[{"type":"list","ordered":false,"spread":false,"position":{"start":{"line":220,"column":1},"end":{"line":220,"column":1}},"children":[{"type":"listItem","spread":true,"position":{"start":{"line":220,"column":1},"end":{"line":220,"column":1}},"children":[{"type":"strong","position":{"start":{"line":220,"column":1},"end":{"line":220,"column":1}},"children":[{"type":"text","value":"entrée :","position":{"start":{"line":220,"column":1},"end":{"line":220,"column":1}},"key":"gsOmONf1Ey"}],"key":"pkbIh72qlC"},{"type":"text","value":" Un seul signal reçu","position":{"start":{"line":220,"column":1},"end":{"line":220,"column":1}},"key":"XbFr0gRPVR"}],"key":"DXz221I5ux"}],"key":"gWtqFFzLRz"}],"key":"TrRWR3Ssdq"},{"type":"definitionDescription","position":{"start":{"line":221,"column":1},"end":{"line":222,"column":1}},"children":[{"type":"list","ordered":false,"spread":false,"position":{"start":{"line":221,"column":1},"end":{"line":222,"column":1}},"children":[{"type":"listItem","spread":true,"position":{"start":{"line":221,"column":1},"end":{"line":222,"column":1}},"children":[{"type":"strong","position":{"start":{"line":221,"column":1},"end":{"line":221,"column":1}},"children":[{"type":"text","value":"sortie :","position":{"start":{"line":221,"column":1},"end":{"line":221,"column":1}},"key":"gq8VsXYIEn"}],"key":"RmOcoSOXWZ"},{"type":"text","value":" Signaux reçus de plusieurs utilisateurs","position":{"start":{"line":221,"column":1},"end":{"line":221,"column":1}},"key":"OR30jNPcG2"}],"key":"JISqHQEHX0"}],"key":"xQO0GnIOC1"}],"key":"nhsydTPpex"}],"key":"llIvkgpsT4"},{"type":"heading","depth":3,"position":{"start":{"line":223,"column":1},"end":{"line":223,"column":1}},"children":[{"type":"text","value":"Récepteur (","position":{"start":{"line":223,"column":1},"end":{"line":223,"column":1}},"key":"YAhK91fwpz"},{"type":"emphasis","position":{"start":{"line":223,"column":1},"end":{"line":223,"column":1}},"children":[{"type":"text","value":"Receiver","position":{"start":{"line":223,"column":1},"end":{"line":223,"column":1}},"key":"yaXjYtl6Gr"}],"key":"ShPm6Gevkr"},{"type":"text","value":")","position":{"start":{"line":223,"column":1},"end":{"line":223,"column":1}},"key":"u5OzzWiV18"}],"identifier":"r-cepteur-receiver","label":"Récepteur (Receiver)","html_id":"r-cepteur-receiver","implicit":true,"key":"mgSouxZrpw"},{"type":"definitionList","position":{"start":{"line":225,"column":1},"end":{"line":232,"column":1}},"children":[{"type":"definitionTerm","position":{"start":{"line":225,"column":1},"end":{"line":224,"column":1}},"children":[{"type":"text","value":"Définition: Récepteur","position":{"start":{"line":225,"column":1},"end":{"line":225,"column":1}},"key":"RXwnhX7kM4"}],"key":"TIy5r2cE8B"},{"type":"definitionDescription","position":{"start":{"line":226,"column":1},"end":{"line":229,"column":1}},"children":[{"type":"emphasis","position":{"start":{"line":226,"column":1},"end":{"line":226,"column":1}},"children":[{"type":"text","value":"Le ","position":{"start":{"line":226,"column":1},"end":{"line":226,"column":1}},"key":"wjAAJPtfnN"},{"type":"strong","position":{"start":{"line":226,"column":1},"end":{"line":226,"column":1}},"children":[{"type":"text","value":"récepteur","position":{"start":{"line":226,"column":1},"end":{"line":226,"column":1}},"key":"bdO292TeFy"}],"key":"EIOv3MV8YK"},{"type":"text","value":" (receiver) récupère et traite le signal reçu pour\nrestaurer les informations originales. Il joue alors un rôle clé en\nrécupérant le signal, en corrigeant les erreurs et en reconstruisant les\nmessages originaux.","position":{"start":{"line":226,"column":1},"end":{"line":226,"column":1}},"key":"hWRps39Ex7"}],"key":"aAU8ACO8DP"}],"key":"QeE6ygDRSe"},{"type":"definitionDescription","position":{"start":{"line":230,"column":1},"end":{"line":230,"column":1}},"children":[{"type":"list","ordered":false,"spread":false,"position":{"start":{"line":230,"column":1},"end":{"line":230,"column":1}},"children":[{"type":"listItem","spread":true,"position":{"start":{"line":230,"column":1},"end":{"line":230,"column":1}},"children":[{"type":"strong","position":{"start":{"line":230,"column":1},"end":{"line":230,"column":1}},"children":[{"type":"text","value":"entrée :","position":{"start":{"line":230,"column":1},"end":{"line":230,"column":1}},"key":"v4Pd4V062t"}],"key":"XabDlptD4J"},{"type":"text","value":" Signal reçu","position":{"start":{"line":230,"column":1},"end":{"line":230,"column":1}},"key":"vc9Apzch7w"}],"key":"LKOdXZSgUG"}],"key":"j034ccq8CX"}],"key":"OXXlwnCLPl"},{"type":"definitionDescription","position":{"start":{"line":231,"column":1},"end":{"line":232,"column":1}},"children":[{"type":"list","ordered":false,"spread":false,"position":{"start":{"line":231,"column":1},"end":{"line":232,"column":1}},"children":[{"type":"listItem","spread":true,"position":{"start":{"line":231,"column":1},"end":{"line":232,"column":1}},"children":[{"type":"strong","position":{"start":{"line":231,"column":1},"end":{"line":231,"column":1}},"children":[{"type":"text","value":"sortie :","position":{"start":{"line":231,"column":1},"end":{"line":231,"column":1}},"key":"WtlVaOZ32J"}],"key":"UAuBJYk3YL"},{"type":"text","value":" Signal de message estimé","position":{"start":{"line":231,"column":1},"end":{"line":231,"column":1}},"key":"HJXlhoBTpQ"}],"key":"Teq3Xqlcuz"}],"key":"qdpxkCsPrp"}],"key":"E3UfeYVYqy"}],"key":"O5eOHnXkre"},{"type":"paragraph","position":{"start":{"line":233,"column":1},"end":{"line":237,"column":1}},"children":[{"type":"text","value":"Au récepteur, les fonctions d’émetteur sont répétées dans l’ordre\ninverse. Il doit donc être configuré en fonction de l’émetteur\nanalogique ou numérique sélectionné. L’objectif est de reproduire le\nplus correctement possible le signal du message à la destination (donc\nnous voulons : Signal de message estimé ","position":{"start":{"line":233,"column":1},"end":{"line":233,"column":1}},"key":"TjwcVb5q0x"},{"type":"text","value":"≈","position":{"start":{"line":233,"column":1},"end":{"line":233,"column":1}},"key":"D7wNtiu4XA"},{"type":"text","value":" Signal de message )","position":{"start":{"line":233,"column":1},"end":{"line":233,"column":1}},"key":"Gu4h2LYFNR"}],"key":"QNcUEPCs46"},{"type":"heading","depth":3,"position":{"start":{"line":241,"column":1},"end":{"line":241,"column":1}},"children":[{"type":"text","value":"Destination","position":{"start":{"line":241,"column":1},"end":{"line":241,"column":1}},"key":"JNKCWxx25f"}],"identifier":"destination","label":"Destination","html_id":"destination","implicit":true,"key":"uL5EzGgjCl"},{"type":"definitionList","position":{"start":{"line":243,"column":1},"end":{"line":247,"column":1}},"children":[{"type":"definitionTerm","position":{"start":{"line":243,"column":1},"end":{"line":242,"column":1}},"children":[{"type":"text","value":"Définition: Destination","position":{"start":{"line":243,"column":1},"end":{"line":243,"column":1}},"key":"WtRBD0LSyb"}],"key":"prEEzAcCEZ"},{"type":"definitionDescription","position":{"start":{"line":244,"column":1},"end":{"line":247,"column":1}},"children":[{"type":"emphasis","position":{"start":{"line":244,"column":1},"end":{"line":244,"column":1}},"children":[{"type":"text","value":"La ","position":{"start":{"line":244,"column":1},"end":{"line":244,"column":1}},"key":"i7dU8NQII5"},{"type":"strong","position":{"start":{"line":244,"column":1},"end":{"line":244,"column":1}},"children":[{"type":"text","value":"destination","position":{"start":{"line":244,"column":1},"end":{"line":244,"column":1}},"key":"zWSXFYc9l5"}],"key":"KpB7PZJ1iO"},{"type":"text","value":" est le point final où les\ninformations sont utilisées. Cela peut être un utilisateur humain ou un\nautre système.","position":{"start":{"line":244,"column":1},"end":{"line":244,"column":1}},"key":"VNUZuWW78v"}],"key":"iZwJm87vKd"}],"key":"lJ6I6fcs2o"}],"key":"TBu5fjUcQJ"},{"type":"admonition","kind":"important","children":[{"type":"admonitionTitle","children":[{"type":"text","value":"Exemple pratique","position":{"start":{"line":248,"column":1},"end":{"line":248,"column":1}},"key":"I1ST2UaTPe"}],"key":"RUVnnis9UW"},{"type":"list","ordered":false,"spread":false,"position":{"start":{"line":249,"column":1},"end":{"line":250,"column":1}},"children":[{"type":"listItem","spread":true,"position":{"start":{"line":249,"column":1},"end":{"line":249,"column":1}},"children":[{"type":"text","value":"Une personne regardant une vidéo sur YouTube.","position":{"start":{"line":249,"column":1},"end":{"line":249,"column":1}},"key":"UheGW1mmEq"}],"key":"QP68SezWdR"},{"type":"listItem","spread":true,"position":{"start":{"line":250,"column":1},"end":{"line":250,"column":1}},"children":[{"type":"text","value":"Un serveur recevant une requête HTTP d’un navigateur Web.","position":{"start":{"line":250,"column":1},"end":{"line":250,"column":1}},"key":"J1Xl2Wx27L"}],"key":"tyCiLDJbKr"}],"key":"MKJycBimBr"}],"key":"x0ySiJ6tuC"},{"type":"heading","depth":2,"position":{"start":{"line":253,"column":1},"end":{"line":253,"column":1}},"children":[{"type":"text","value":"Ressources de communication : Puissance (","position":{"start":{"line":253,"column":1},"end":{"line":253,"column":1}},"key":"tRaSGbqhDH"},{"type":"emphasis","position":{"start":{"line":253,"column":1},"end":{"line":253,"column":1}},"children":[{"type":"text","value":"Power","position":{"start":{"line":253,"column":1},"end":{"line":253,"column":1}},"key":"rG7Vop97mF"}],"key":"a9sgqgnY6X"},{"type":"text","value":") et Largeur de Bande (","position":{"start":{"line":253,"column":1},"end":{"line":253,"column":1}},"key":"CWOCGWiX2t"},{"type":"emphasis","position":{"start":{"line":253,"column":1},"end":{"line":253,"column":1}},"children":[{"type":"text","value":"Bandwith","position":{"start":{"line":253,"column":1},"end":{"line":253,"column":1}},"key":"h1KWSO5zMr"}],"key":"xhyWTRhfdD"},{"type":"text","value":")","position":{"start":{"line":253,"column":1},"end":{"line":253,"column":1}},"key":"x8tE0iMIaw"}],"identifier":"ressources-de-communication-puissance-power-et-largeur-de-bande-bandwith","label":"Ressources de communication : Puissance (Power) et Largeur de Bande (Bandwith)","html_id":"ressources-de-communication-puissance-power-et-largeur-de-bande-bandwith","implicit":true,"key":"cmbAFD4To3"},{"type":"paragraph","position":{"start":{"line":255,"column":1},"end":{"line":261,"column":1}},"children":[{"type":"text","value":"Dans les systèmes de communication, la ","position":{"start":{"line":255,"column":1},"end":{"line":255,"column":1}},"key":"hBxGOOq5e2"},{"type":"strong","position":{"start":{"line":255,"column":1},"end":{"line":255,"column":1}},"children":[{"type":"text","value":"puissance","position":{"start":{"line":255,"column":1},"end":{"line":255,"column":1}},"key":"tVDVWtVL1S"}],"key":"wtvOLgPRj2"},{"type":"text","value":" et la ","position":{"start":{"line":255,"column":1},"end":{"line":255,"column":1}},"key":"bYUpDPskGA"},{"type":"strong","position":{"start":{"line":255,"column":1},"end":{"line":255,"column":1}},"children":[{"type":"text","value":"largeur de\nbande","position":{"start":{"line":255,"column":1},"end":{"line":255,"column":1}},"key":"dzSmppyBPZ"}],"key":"A5hr53L0Hy"},{"type":"text","value":" sont deux ","position":{"start":{"line":255,"column":1},"end":{"line":255,"column":1}},"key":"JQemAqVReP"},{"type":"strong","position":{"start":{"line":255,"column":1},"end":{"line":255,"column":1}},"children":[{"type":"text","value":"ressources fondamentales","position":{"start":{"line":255,"column":1},"end":{"line":255,"column":1}},"key":"HWGDMwCD5b"}],"key":"UCw5QRIPGv"},{"type":"text","value":" nécessaires à la\ntransmission et à la réception des informations. Une gestion efficace de\nces ressources est essentielle pour garantir la fiabilité, la capacité\net la qualité des communications. Une utilisation efficace de la\npuissance et de la largeur de bande permet de minimiser les pertes et de\nréduire l’empreinte carbone pour une conception durable.","position":{"start":{"line":255,"column":1},"end":{"line":255,"column":1}},"key":"dQib3WT7uy"}],"key":"enyJnJU7jQ"},{"type":"admonition","kind":"hint","children":[{"type":"admonitionTitle","children":[{"type":"text","value":"Attention","position":{"start":{"line":263,"column":1},"end":{"line":263,"column":1}},"key":"SpaJW72TzF"}],"key":"g1Yysj5Wl9"},{"type":"paragraph","position":{"start":{"line":264,"column":1},"end":{"line":266,"column":1}},"children":[{"type":"text","value":"L’objectif du système de communication est de minimiser\nles erreurs de transmission tout en minimisant l’utilisation des\nressources.","position":{"start":{"line":264,"column":1},"end":{"line":264,"column":1}},"key":"x33v97FkTg"}],"key":"dlR5sE1w7P"}],"key":"RXTtRk3R6B"},{"type":"heading","depth":3,"position":{"start":{"line":269,"column":1},"end":{"line":269,"column":1}},"children":[{"type":"text","value":"Puissance","position":{"start":{"line":269,"column":1},"end":{"line":269,"column":1}},"key":"rctD4ZT42E"}],"identifier":"puissance","label":"Puissance","html_id":"puissance","implicit":true,"key":"oWbQRTwmCf"},{"type":"definitionList","position":{"start":{"line":271,"column":1},"end":{"line":276,"column":1}},"children":[{"type":"definitionTerm","position":{"start":{"line":271,"column":1},"end":{"line":270,"column":1}},"children":[{"type":"text","value":"Définition: Puissance","position":{"start":{"line":271,"column":1},"end":{"line":271,"column":1}},"key":"XJG6eN3O8w"}],"key":"B006ihx3dX"},{"type":"definitionDescription","position":{"start":{"line":272,"column":1},"end":{"line":276,"column":1}},"children":[{"type":"emphasis","position":{"start":{"line":272,"column":1},"end":{"line":272,"column":1}},"children":[{"type":"text","value":"La ","position":{"start":{"line":272,"column":1},"end":{"line":272,"column":1}},"key":"LzXnGNNbfz"},{"type":"strong","position":{"start":{"line":272,"column":1},"end":{"line":272,"column":1}},"children":[{"type":"text","value":"puissance","position":{"start":{"line":272,"column":1},"end":{"line":272,"column":1}},"key":"cC97e7KhRx"}],"key":"vlMgqthMNa"},{"type":"text","value":" d’un signal est nécessaire pour\ntransmettre des signaux à travers un canal de communication. Elle est\ncruciale pour surmonter l’atténuation, le bruit et d’autres dégradations\ndans le canal.","position":{"start":{"line":272,"column":1},"end":{"line":272,"column":1}},"key":"nbbwB0RKQy"}],"key":"P52abmzlux"}],"key":"qw6Zep5qW8"}],"key":"imNDbAjePG"},{"type":"paragraph","position":{"start":{"line":277,"column":1},"end":{"line":279,"column":1}},"children":[{"type":"text","value":"Une puissance de transmission suffisante permet au\nsignal de se propager jusqu’au récepteur sans être complètement dégradé\npar le bruit ou l’atténuation.","position":{"start":{"line":277,"column":1},"end":{"line":277,"column":1}},"key":"kuOSMQEYCS"}],"key":"SMFl0vmHVK"},{"type":"paragraph","position":{"start":{"line":281,"column":1},"end":{"line":285,"column":1}},"children":[{"type":"text","value":"Une puissance plus élevée améliore le ","position":{"start":{"line":281,"column":1},"end":{"line":281,"column":1}},"key":"sTJd8Apqpb"},{"type":"strong","position":{"start":{"line":281,"column":1},"end":{"line":281,"column":1}},"children":[{"type":"text","value":"rapport signal-bruit","position":{"start":{"line":281,"column":1},"end":{"line":281,"column":1}},"key":"lkrbVAa3ss"}],"key":"Va2ZZkm9If"},{"type":"text","value":"\n(","position":{"start":{"line":281,"column":1},"end":{"line":281,"column":1}},"key":"xBIBY6fe7z"},{"type":"emphasis","position":{"start":{"line":281,"column":1},"end":{"line":281,"column":1}},"children":[{"type":"text","value":"Signal-to-noise-ratio","position":{"start":{"line":281,"column":1},"end":{"line":281,"column":1}},"key":"xZutqI6XBX"}],"key":"gmobhKfcix"},{"type":"text","value":"; SNR), ce qui entraine une meilleure qualité du\nsignal et un taux d’erreurs réduit. En plus, une puissance accrue permet\naux systèmes de communication, comme les tours cellulaires ou les\nsatellites, de couvrir de plus grandes zones.","position":{"start":{"line":281,"column":1},"end":{"line":281,"column":1}},"key":"l7NrPrGXjG"}],"key":"D4nkVnu84I"},{"type":"admonition","kind":"important","children":[{"type":"admonitionTitle","children":[{"type":"text","value":"Exemple pratique","position":{"start":{"line":287,"column":1},"end":{"line":287,"column":1}},"key":"y7pZMPKYXp"}],"key":"iX1wRozOek"},{"type":"list","ordered":false,"spread":false,"position":{"start":{"line":288,"column":1},"end":{"line":290,"column":1}},"children":[{"type":"listItem","spread":true,"position":{"start":{"line":288,"column":1},"end":{"line":288,"column":1}},"children":[{"type":"text","value":"Dans les réseaux cellulaires, les stations de base nécessitent une puissance importante pour maintenir la connectivité avec les utilisateurs éloignés de l’antenne.","position":{"start":{"line":288,"column":1},"end":{"line":288,"column":1}},"key":"yKRQD0OKOu"}],"key":"vljmZKiW2x"},{"type":"listItem","spread":true,"position":{"start":{"line":289,"column":1},"end":{"line":289,"column":1}},"children":[{"type":"text","value":"Les satellites en orbite géostationnaire utilisent une forte puissance pour transmettre des signaux sur de longues distances jusqu’à la Terre, tout en surmontant les pertes atmosphériques.","position":{"start":{"line":289,"column":1},"end":{"line":289,"column":1}},"key":"GCG8jOrDXL"}],"key":"iADuwb5YOx"},{"type":"listItem","spread":true,"position":{"start":{"line":290,"column":1},"end":{"line":290,"column":1}},"children":[{"type":"text","value":"L’efficacité énergétique est cruciale pour les dispositifs alimentés par batterie, comme les capteurs, qui doivent transmettre des données sur de longues périodes sans recharge fréquente.","position":{"start":{"line":290,"column":1},"end":{"line":290,"column":1}},"key":"VR5c9ksgPS"}],"key":"cgBuyKJFAi"}],"key":"If4niM7aQ4"}],"key":"CjOi1DffvV"},{"type":"admonition","kind":"warning","children":[{"type":"admonitionTitle","children":[{"type":"text","value":"Attention","position":{"start":{"line":293,"column":1},"end":{"line":293,"column":1}},"key":"GDzoIg9Oii"}],"key":"IXBd5Ifbln"},{"type":"paragraph","position":{"start":{"line":294,"column":1},"end":{"line":297,"column":1}},"children":[{"type":"text","value":"Une consommation de puissance élevée peut entrainer des\ncouts opérationnels importants et un impact environnemental accru. De\nplus, les appareils alimentés par batterie nécessitent une gestion\nrigoureuse de l’énergie pour prolonger leur durée de vie.","position":{"start":{"line":294,"column":1},"end":{"line":294,"column":1}},"key":"hHLKh1V1TS"}],"key":"gAVF3He73L"}],"key":"I9fiTPqCqF"},{"type":"heading","depth":3,"position":{"start":{"line":300,"column":1},"end":{"line":300,"column":1}},"children":[{"type":"text","value":"Largeur de bande","position":{"start":{"line":300,"column":1},"end":{"line":300,"column":1}},"key":"JlHrVlfQTD"}],"identifier":"largeur-de-bande","label":"Largeur de bande","html_id":"largeur-de-bande","implicit":true,"key":"tM1LDFAf45"},{"type":"definitionList","position":{"start":{"line":302,"column":1},"end":{"line":305,"column":1}},"children":[{"type":"definitionTerm","position":{"start":{"line":302,"column":1},"end":{"line":301,"column":1}},"children":[{"type":"text","value":"Définition: Largeur de bande","position":{"start":{"line":302,"column":1},"end":{"line":302,"column":1}},"key":"wMSReENeOa"}],"key":"XidW0P4sBY"},{"type":"definitionDescription","position":{"start":{"line":303,"column":1},"end":{"line":305,"column":1}},"children":[{"type":"emphasis","position":{"start":{"line":303,"column":1},"end":{"line":303,"column":1}},"children":[{"type":"text","value":"La ","position":{"start":{"line":303,"column":1},"end":{"line":303,"column":1}},"key":"N6gfNrIy9g"},{"type":"strong","position":{"start":{"line":303,"column":1},"end":{"line":303,"column":1}},"children":[{"type":"text","value":"largeur de bande","position":{"start":{"line":303,"column":1},"end":{"line":303,"column":1}},"key":"hxZzgStYvd"}],"key":"I8YjNvSDPi"},{"type":"text","value":" correspond à l’étendue des\nfréquences disponibles pour la transmission d’un signal.","position":{"start":{"line":303,"column":1},"end":{"line":303,"column":1}},"key":"IoB3OOn4TD"}],"key":"oWVaHn9Rlm"}],"key":"gkmg4C3C6s"}],"key":"C7OlPMaXZ8"},{"type":"paragraph","position":{"start":{"line":306,"column":1},"end":{"line":310,"column":1}},"children":[{"type":"text","value":"Elle détermine le débit maximal que peut atteindre un système de\ncommunication numérique. Une plus grande largeur de bande permet un\ndébit de données plus élevé. Une largeur de bande suffisante garantit\nque le signal transmis n’est pas déformé ou limité par une allocation de\nfréquence insuffisante.","position":{"start":{"line":306,"column":1},"end":{"line":306,"column":1}},"key":"oeyvQKumnh"}],"key":"nBU6RNA8Qs"},{"type":"admonition","kind":"important","children":[{"type":"admonitionTitle","children":[{"type":"text","value":"Exemple pratique","position":{"start":{"line":312,"column":1},"end":{"line":312,"column":1}},"key":"Rlj8JrBM4B"}],"key":"ddGGlEsx9b"},{"type":"list","ordered":false,"spread":false,"position":{"start":{"line":313,"column":1},"end":{"line":315,"column":1}},"children":[{"type":"listItem","spread":true,"position":{"start":{"line":313,"column":1},"end":{"line":313,"column":1}},"children":[{"type":"text","value":"Une largeur de bande accrue permet des transmissions de données rapides, soutenant des applications comme le streaming, la réalité virtuelle et les véhicules autonomes.","position":{"start":{"line":313,"column":1},"end":{"line":313,"column":1}},"key":"MZIwuTs5mi"}],"key":"izSEnlYEwB"},{"type":"listItem","spread":true,"position":{"start":{"line":314,"column":1},"end":{"line":314,"column":1}},"children":[{"type":"text","value":"Une grande largeur de bande est essentielle pour transmettre plusieurs chaines TV ou des services Internet à haut débit via satellite.","position":{"start":{"line":314,"column":1},"end":{"line":314,"column":1}},"key":"NP5opVmT4l"}],"key":"FDcGh3P5Mg"},{"type":"listItem","spread":true,"position":{"start":{"line":315,"column":1},"end":{"line":315,"column":1}},"children":[{"type":"text","value":"Les systèmes téléphoniques PSTN allouent une largeur de bande d’environ 4 kHz pour assurer l’intelligibilité de la voix.","position":{"start":{"line":315,"column":1},"end":{"line":315,"column":1}},"key":"FtbZcYOdkX"}],"key":"MySiCAjHWi"}],"key":"KaDDtrlcBb"}],"key":"qcGNCDQTRc"},{"type":"admonition","kind":"warning","children":[{"type":"admonitionTitle","children":[{"type":"text","value":"Attention","position":{"start":{"line":318,"column":1},"end":{"line":318,"column":1}},"key":"BV5xIJX1N8"}],"key":"tptJxaYI8n"},{"type":"paragraph","position":{"start":{"line":319,"column":1},"end":{"line":323,"column":1}},"children":[{"type":"text","value":"La largeur de bande est une ressource limitée et cout\nélevé, et l’attribution du spectre doit équilibrer les besoins de\ndifférents services (radio, télévision, mobile). Une demande accrue de\nbande passante peut entrainer une congestion dans les bandes de\nfréquences très utilisées.","position":{"start":{"line":319,"column":1},"end":{"line":319,"column":1}},"key":"AgjP6DcLvH"}],"key":"XMzcUVpwT6"}],"key":"IeaWBOwerq"},{"type":"admonition","kind":"warning","children":[{"type":"admonitionTitle","children":[{"type":"text","value":"Attention","position":{"start":{"line":326,"column":1},"end":{"line":326,"column":1}},"key":"Gc3HXUwVEu"}],"key":"Mrc7UqkgGe"},{"type":"paragraph","position":{"start":{"line":327,"column":1},"end":{"line":332,"column":1}},"children":[{"type":"text","value":"Il y a un équilibre entre puissance et largeur de bande.\nLa puissance et la largeur de bande sont interconnectées dans les\nsystèmes de communication, et leur allocation nécessite des compromis.\nUne augmentation de la puissance permet une transmission fiable avec une\nlargeur de bande réduite. Une augmentation de la largeur de bande réduit\nla puissance nécessaire pour atteindre un débit de données spécifique.","position":{"start":{"line":327,"column":1},"end":{"line":327,"column":1}},"key":"bZsM18gcNa"}],"key":"SYHyBIXHy3"}],"key":"KZkbsDYJFN"},{"type":"heading","depth":2,"position":{"start":{"line":335,"column":1},"end":{"line":335,"column":1}},"children":[{"type":"text","value":"Résumé","position":{"start":{"line":335,"column":1},"end":{"line":335,"column":1}},"key":"KYBWLnRySj"}],"identifier":"r-sum","label":"Résumé","html_id":"r-sum","implicit":true,"key":"RtVJTTbIfA"},{"type":"paragraph","position":{"start":{"line":337,"column":1},"end":{"line":344,"column":1}},"children":[{"type":"text","value":"En résumé, les systèmes de communication modernes reposent sur des\néléments bien définis, allant de la source à la destination et protégés\npar des mécanismes de correction des erreurs. Chacune de ces étapes est\nessentielle pour assurer une communication efficace et fiable, malgré\nles contraintes imposées par les caractéristiques physiques des canaux\net les besoins en ressources limitées. Ces bases permettent d’aborder\nles défis plus complexes liés à la conception de réseaux et de systèmes\navancés.","position":{"start":{"line":337,"column":1},"end":{"line":337,"column":1}},"key":"P26TiEG9nj"}],"key":"ZtM1pq5RLf"}],"key":"LINRjGNtYT"}],"key":"n3VQshnwFP"},"references":{"cite":{"order":[],"data":{}}}}